Price,Open,Close,High,Volume
Ticker,MU,MU,MU,MU
Date,,,,
2020-06-09,51.42,51.91,52.25,17840800.0
2020-06-08,53.23,52.44,53.36,22850600.0
2020-06-05,51.43,52.46,53.54,34110700.0
2020-06-04,47.72,50.02,50.76,34830800.0
2020-06-03,46.92,47.78,48.26,34662100.0
2020-06-02,45.4,45.72,45.75,23035600.0
2020-06-01,46.38,45.26,46.55,21809100.0
2020-05-29,45.53,46.79,46.9,26337000.0
2020-05-28,47.56,45.38,47.65,38289300.0
2020-05-27,44.87,48.29,48.42,56071500.0
2020-05-26,45.14,44.73,45.6,24303900.0
2020-05-22,44.09,43.89,44.25,13385400.0
2020-05-21,45.41,44.16,45.48,17445300.0
2020-05-20,45.42,45.55,45.94,17876500.0
2020-05-19,44.71,44.06,45.15,17389500.0
2020-05-18,44.76,44.85,45.07,20307800.0
2020-05-15,42.27,43.37,43.73,28803900.0
2020-05-14,42.05,44.66,44.71,27543500.0
2020-05-13,44.8,42.51,44.81,35117500.0
2020-05-12,47.38,44.62,47.42,26738900.0
2020-05-11,46.62,47.07,47.59,17353500.0
2020-05-08,46.18,47.12,47.33,17437100.0
2020-05-07,46.02,45.5,46.39,16372100.0
2020-05-06,44.99,45.0,46.02,22011900.0
2020-05-05,44.39,44.35,45.85,21007500.0
2020-05-04,43.16,43.42,43.64,21377100.0
2020-05-01,45.27,44.01,45.82,28194000.0
2020-04-30,48.32,46.77,48.42,28585400.0
2020-04-29,45.49,48.66,48.97,35743000.0
2020-04-28,45.13,44.25,46.57,25234900.0
2020-04-27,43.95,44.22,44.33,16667200.0
2020-04-24,42.77,43.13,43.28,16581800.0
2020-04-23,42.79,42.75,43.67,22273100.0
2020-04-22,42.1,42.88,43.17,21346600.0
2020-04-21,41.99,40.44,42.06,32482200.0
2020-04-20,43.48,42.38,44.02,30463300.0
2020-04-17,45.69,44.63,45.79,23388300.0
2020-04-16,45.92,44.46,46.1,26589000.0
2020-04-15,45.31,45.34,45.57,22389400.0
2020-04-14,45.9,46.51,47.25,25738000.0
2020-04-13,43.85,45.09,45.3,30449900.0
2020-04-09,48.15,45.05,48.64,39799400.0
2020-04-08,45.98,47.16,47.55,27694400.0
2020-04-07,46.96,45.45,47.24,34646400.0
2020-04-06,42.34,45.28,45.6,37899100.0
2020-04-03,40.01,40.25,40.88,28522400.0
2020-04-02,38.86,40.13,40.62,31457700.0
2020-04-01,39.6,38.96,41.31,37452800.0
2020-03-31,43.36,41.08,44.11,36723700.0
2020-03-30,43.14,43.48,44.5,33763900.0
2020-03-27,42.24,42.46,44.22,39791500.0
2020-03-26,43.85,43.74,44.68,62450700.0
2020-03-25,42.88,41.5,43.83,54091000.0
2020-03-24,40.84,42.26,43.38,45588000.0
2020-03-23,36.12,37.35,38.55,45286000.0
2020-03-20,36.89,35.26,37.69,37667400.0
2020-03-19,33.85,35.44,36.43,31015200.0
2020-03-18,33.46,33.88,35.7,36519000.0
2020-03-17,34.66,36.5,38.21,34869000.0
2020-03-16,36.47,33.66,38.22,36879100.0
2020-03-13,40.6,41.98,42.01,35264800.0
2020-03-12,38.48,37.9,41.54,40117200.0
2020-03-11,45.12,42.7,45.24,38483800.0
2020-03-10,47.02,46.74,47.13,31652900.0
2020-03-09,44.42,44.89,47.46,31260800.0
2020-03-06,50.98,50.27,51.95,30313700.0
2020-03-05,52.2,52.46,54.31,26223000.0
2020-03-04,51.78,54.0,54.08,28222000.0
2020-03-03,53.32,50.59,54.1,36893200.0
2020-03-02,51.96,53.31,53.41,33272700.0
2020-02-28,47.51,51.33,51.68,40121300.0
2020-02-27,49.45,49.4,51.61,36349200.0
2020-02-26,51.42,51.14,53.0,28075600.0
2020-02-25,53.56,50.88,54.15,41894200.0
2020-02-24,52.06,53.72,54.16,33321100.0
2020-02-21,57.26,55.66,57.36,27038900.0
2020-02-20,58.48,57.62,58.59,20797100.0
2020-02-19,57.21,58.59,58.84,23335500.0
2020-02-18,55.74,56.4,56.68,21513200.0
2020-02-14,58.75,57.13,59.14,20920200.0
2020-02-13,57.63,57.94,59.21,23679700.0
2020-02-12,57.66,57.88,59.76,47180800.0
2020-02-11,56.53,55.91,57.46,26776900.0
2020-02-10,54.98,55.99,56.0,15929000.0
2020-02-07,56.61,55.55,56.64,20891100.0
2020-02-06,56.72,57.31,57.79,23358700.0
2020-02-05,55.69,55.44,55.92,19795300.0
2020-02-04,54.0,54.2,54.71,19998600.0
2020-02-03,52.0,52.52,52.84,20471900.0
2020-01-31,53.86,51.85,53.91,28550800.0
2020-01-30,52.91,53.74,53.78,30783800.0
2020-01-29,54.68,54.01,55.85,19278300.0
2020-01-28,54.93,55.15,55.45,18544900.0
2020-01-27,53.86,54.11,54.68,27310100.0
2020-01-24,58.6,56.41,58.62,28555300.0
2020-01-23,58.92,57.82,59.14,26146100.0
2020-01-22,58.13,57.79,58.84,22604400.0
2020-01-21,56.03,57.59,57.8,24821700.0
2020-01-17,56.66,56.31,56.76,20549200.0
2020-01-16,55.47,56.33,56.49,22732700.0
2020-01-15,55.7,54.86,55.78,21638600.0
2020-01-14,56.45,56.17,56.94,26454300.0
2020-01-13,55.68,56.11,56.43,16163000.0
2020-01-10,56.13,55.34,56.16,19122800.0
2020-01-09,56.96,55.97,57.11,22376100.0
2020-01-08,56.73,56.17,57.02,29730800.0
2020-01-07,54.08,56.91,57.03,49908200.0
2020-01-06,52.49,52.32,52.87,18768700.0
2020-01-03,52.89,53.25,54.02,16815800.0
2020-01-02,53.57,54.09,54.19,20173200.0
2019-12-31,51.67,52.52,52.64,13296400.0
2019-12-30,52.51,51.97,52.62,15271500.0
2019-12-27,53.95,52.77,54.23,17176700.0
2019-12-26,54.15,53.82,54.35,13537400.0
2019-12-24,54.15,54.12,54.34,8621900.0
2019-12-23,53.94,54.1,54.8,23693800.0
2019-12-20,53.62,53.77,54.62,44285000.0
2019-12-19,53.72,53.25,54.0,55792900.0
2019-12-18,51.76,51.8,52.46,39099100.0
2019-12-17,52.73,51.76,52.74,28344800.0
2019-12-16,51.53,51.7,53.03,38629600.0
2019-12-13,49.83,50.0,51.1,30039700.0
2019-12-12,48.21,49.78,50.13,36590800.0
2019-12-11,46.63,48.11,48.19,22081300.0
2019-12-10,45.94,46.35,46.8,19263100.0
2019-12-09,46.46,45.36,46.65,16540500.0
2019-12-06,46.33,46.81,47.2,20468100.0
2019-12-05,45.62,45.53,46.29,13003800.0
2019-12-04,45.1,45.22,45.51,16921700.0
2019-12-03,44.06,44.17,44.34,20321400.0
2019-12-02,46.46,45.3,46.83,16053800.0
2019-11-29,46.82,46.4,46.83,7343600.0
2019-11-27,46.24,47.03,47.14,15409400.0
2019-11-26,46.53,45.63,46.55,12849300.0
2019-11-25,45.02,46.41,46.44,18803600.0
2019-11-22,44.85,44.8,45.29,11253700.0
2019-11-21,44.24,44.48,45.1,14192900.0
2019-11-20,45.07,44.5,45.41,24660700.0
2019-11-19,46.98,45.49,47.05,18384000.0
2019-11-18,46.83,46.7,47.28,12631200.0
2019-11-15,46.49,46.59,47.38,17859200.0
2019-11-14,45.04,45.7,45.73,11797400.0
2019-11-13,45.41,45.22,45.46,15423600.0
2019-11-12,45.7,45.8,46.56,15170700.0
2019-11-11,45.63,45.18,45.65,14635900.0
2019-11-08,46.45,46.09,46.89,18518800.0
2019-11-07,47.38,47.27,47.93,19253600.0
2019-11-06,47.02,46.56,47.17,21803600.0
2019-11-05,48.46,47.54,48.56,13682600.0
2019-11-04,48.23,48.43,48.73,16021500.0
2019-11-01,46.37,47.25,47.4,18311700.0
2019-10-31,46.17,46.44,46.76,15445800.0
2019-10-30,47.09,46.76,47.21,12932800.0
2019-10-29,47.66,46.98,48.02,12183600.0
2019-10-28,47.37,47.55,47.61,15240000.0
2019-10-25,46.17,46.91,47.14,19855300.0
2019-10-24,44.83,46.0,46.06,25760200.0
2019-10-23,43.02,43.61,43.77,13959200.0
2019-10-22,44.24,43.61,44.63,13802400.0
2019-10-21,42.93,44.16,44.24,15473700.0
2019-10-18,43.78,42.45,43.93,26215300.0
2019-10-17,44.7,44.43,45.04,11718700.0
2019-10-16,44.91,44.1,45.46,16646900.0
2019-10-15,44.15,45.37,45.46,17767700.0
2019-10-14,43.91,43.81,44.27,12443300.0
2019-10-11,43.35,44.04,44.75,27483700.0
2019-10-10,41.87,42.27,42.76,15572600.0
2019-10-09,42.17,41.88,42.36,12784000.0
2019-10-08,42.58,41.64,42.81,20664600.0
2019-10-07,43.26,43.13,43.68,14911600.0
2019-10-04,42.69,43.51,43.58,21860000.0
2019-10-03,41.02,42.44,42.47,23627100.0
2019-10-02,40.84,41.0,41.67,26408500.0
2019-10-01,42.09,41.31,42.33,28087300.0
2019-09-30,41.99,41.85,42.45,31423100.0
2019-09-27,44.83,42.2,44.85,75941400.0
2019-09-26,48.22,47.46,48.58,33341000.0
2019-09-25,47.34,48.31,48.54,23571800.0
2019-09-24,48.58,47.37,48.73,24959000.0
2019-09-23,48.38,48.44,49.02,16198500.0
2019-09-20,49.16,48.01,49.27,23195000.0
2019-09-19,49.97,48.65,50.1,16633600.0
2019-09-18,49.81,49.3,49.97,15247100.0
2019-09-17,49.01,49.65,49.72,13776500.0
2019-09-16,48.37,48.98,49.06,17495300.0
2019-09-13,49.33,49.32,49.76,14733000.0
2019-09-12,49.61,49.26,49.92,19671300.0
2019-09-11,48.85,49.3,50.19,31012900.0
2019-09-10,48.21,48.23,48.77,23111300.0
2019-09-09,48.38,47.98,48.83,19474400.0
2019-09-06,47.72,47.82,48.34,19565700.0
2019-09-05,46.78,47.88,48.48,33075500.0
2019-09-04,45.36,45.71,46.39,26978100.0
2019-09-03,43.56,43.94,44.27,17108100.0
2019-08-30,44.06,44.21,44.85,16391500.0
2019-08-29,42.96,43.62,44.16,18674100.0
2019-08-28,41.11,42.14,42.25,11545700.0
2019-08-27,42.69,41.45,42.77,19122100.0
2019-08-26,42.72,42.41,42.75,12282800.0
2019-08-23,42.86,41.95,43.92,27519900.0
2019-08-22,43.46,43.73,44.39,20599000.0
2019-08-21,43.76,43.14,43.95,14973800.0
2019-08-20,43.8,43.19,43.92,13191000.0
2019-08-19,43.62,43.96,44.31,22613400.0
2019-08-16,41.64,42.53,42.85,17914100.0
2019-08-15,41.35,41.25,41.56,16104000.0
2019-08-14,41.88,41.06,42.14,24657200.0
2019-08-13,41.62,43.14,44.02,33040200.0
2019-08-12,40.09,41.14,41.41,23969200.0
2019-08-09,41.06,40.55,41.25,22900300.0
2019-08-08,41.1,41.63,41.76,18567500.0
2019-08-07,41.03,40.77,41.94,35604600.0
2019-08-06,41.67,41.62,42.18,26857000.0
2019-08-05,41.41,40.96,41.51,35172900.0
2019-08-02,41.64,43.05,43.37,31954100.0
2019-08-01,43.95,42.58,44.88,37906500.0
2019-07-31,45.62,43.84,45.69,34493900.0
2019-07-30,45.78,46.35,46.56,21301600.0
2019-07-29,45.77,45.72,45.87,21939500.0
2019-07-26,46.82,46.38,47.0,19676200.0
2019-07-25,47.27,46.65,47.56,28127800.0
2019-07-24,45.85,46.87,47.1,33169900.0
2019-07-23,45.69,45.85,46.04,29354400.0
2019-07-22,45.41,46.09,46.32,46042800.0
2019-07-19,44.07,44.45,44.92,39328400.0
2019-07-18,42.59,43.62,43.88,26456600.0
2019-07-17,41.99,42.35,42.73,19539300.0
2019-07-16,43.02,42.05,43.07,31238900.0
2019-07-15,43.64,43.36,44.21,26623300.0
2019-07-12,42.73,43.47,43.65,33257800.0
2019-07-11,42.21,42.46,42.52,30392400.0
2019-07-10,41.24,41.9,42.97,51625500.0
2019-07-09,39.19,40.38,40.44,28254700.0
2019-07-08,38.12,39.46,39.66,28148500.0
2019-07-05,38.04,38.5,38.63,18408000.0
2019-07-03,38.69,38.66,38.84,13479700.0
2019-07-02,38.69,38.67,39.09,29774500.0
2019-07-01,40.2,39.17,40.73,60928000.0
2019-06-28,38.44,37.69,38.48,61402700.0
2019-06-27,35.99,37.18,37.43,51612400.0
2019-06-26,35.03,36.17,36.73,100271600.0
2019-06-25,32.57,31.91,33.09,39590500.0
2019-06-24,32.42,32.41,33.28,27306000.0
2019-06-21,32.91,32.47,33.1,38858200.0
2019-06-20,34.02,33.35,34.43,21691500.0
2019-06-19,33.88,33.14,33.88,20436400.0
2019-06-18,32.13,33.49,34.07,33727300.0
2019-06-17,31.78,31.67,32.08,20050000.0
2019-06-14,31.69,31.89,32.07,19715000.0
2019-06-13,32.3,32.6,32.85,16586700.0
2019-06-12,33.21,32.19,33.3,28746500.0
2019-06-11,34.96,34.02,35.15,19208600.0
2019-06-10,33.79,34.12,34.71,21728000.0
2019-06-07,32.76,33.19,33.23,21430400.0
2019-06-06,32.48,32.69,33.03,21088100.0
2019-06-05,34.37,32.56,34.57,27070300.0
2019-06-04,32.58,33.68,33.75,25076000.0
2019-06-03,32.18,31.92,32.44,21174500.0
2019-05-31,31.84,31.85,32.71,18607300.0
2019-05-30,32.65,32.54,33.52,20957600.0
2019-05-29,31.56,32.51,32.64,28796100.0
2019-05-28,33.35,32.17,33.51,26758400.0
2019-05-24,33.36,33.2,33.55,19706000.0
2019-05-23,33.1,33.03,33.11,32186700.0
2019-05-22,34.37,33.92,34.62,20902400.0
2019-05-21,34.46,34.8,35.04,32501300.0
2019-05-20,33.94,33.81,34.37,34489500.0
2019-05-17,35.75,35.21,36.41,31096300.0
2019-05-16,36.8,36.44,37.1,29479200.0
2019-05-15,37.01,37.51,37.79,17532300.0
2019-05-14,37.13,37.61,37.71,24004000.0
2019-05-13,36.48,36.5,37.09,33092100.0
2019-05-10,38.1,38.03,38.37,30368100.0
2019-05-09,38.18,38.35,38.7,27844400.0
2019-05-08,38.93,38.82,39.54,26190100.0
2019-05-07,40.7,39.32,40.95,35094100.0
2019-05-06,40.43,41.14,41.3,25776000.0
2019-05-03,41.5,42.32,42.36,16577000.0
2019-05-02,41.02,41.56,42.19,17046800.0
2019-05-01,41.44,40.92,41.92,17673300.0
2019-04-30,40.88,41.08,41.37,16342700.0
2019-04-29,41.14,41.12,41.61,13452800.0
2019-04-26,40.52,41.11,41.29,26092400.0
2019-04-25,42.6,41.75,43.6,28346200.0
2019-04-24,41.82,42.02,42.38,19637000.0
2019-04-23,42.35,41.77,42.45,21489400.0
2019-04-22,42.13,42.38,42.55,19447900.0
2019-04-18,42.19,42.38,42.51,16193600.0
2019-04-17,42.34,42.14,43.02,22092000.0
2019-04-16,41.27,41.76,41.92,19337500.0
2019-04-15,41.18,40.84,41.24,16932300.0
2019-04-12,41.85,41.03,42.19,21740400.0
2019-04-11,41.21,41.29,41.73,18163900.0
2019-04-10,40.71,41.18,41.45,23252200.0
2019-04-09,41.54,40.74,41.6,29055900.0
2019-04-08,41.19,41.9,42.13,24546800.0
2019-04-05,42.29,42.31,42.52,21119400.0
2019-04-04,41.37,41.89,42.32,37038400.0
2019-04-03,42.53,42.87,43.8,39097200.0
2019-04-02,41.09,41.45,41.79,21438100.0
2019-04-01,41.28,41.26,41.76,28073000.0
2019-03-29,39.31,40.36,40.55,35716900.0
2019-03-28,38.48,38.42,39.0,24584500.0
2019-03-27,39.43,38.31,39.89,26856700.0
2019-03-26,40.21,39.38,40.67,24689600.0
2019-03-25,40.37,39.6,41.0,34516000.0
2019-03-22,42.45,40.65,42.46,46605600.0
2019-03-21,40.72,42.96,43.18,84985400.0
2019-03-20,39.55,39.19,39.8,41714400.0
2019-03-19,38.99,39.42,40.09,32407300.0
2019-03-18,38.67,38.68,39.46,22296600.0
2019-03-15,37.68,38.61,38.91,30702000.0
2019-03-14,37.83,37.51,38.7,19757300.0
2019-03-13,38.48,37.92,38.79,22786300.0
2019-03-12,38.25,38.33,38.48,18623500.0
2019-03-11,38.0,38.12,38.62,25164700.0
2019-03-08,36.03,37.74,37.91,34080900.0
2019-03-07,36.66,36.94,37.41,31567800.0
2019-03-06,38.46,37.04,38.53,44890400.0
2019-03-05,39.31,39.05,39.72,28798800.0
2019-03-04,40.9,40.1,41.16,27047800.0
2019-03-01,40.66,40.61,41.56,26755800.0
2019-02-28,39.26,39.92,40.19,25777900.0
2019-02-27,41.62,40.35,41.76,29522200.0
2019-02-26,41.36,41.95,42.14,18051500.0
2019-02-25,42.78,41.75,42.96,25233700.0
2019-02-22,41.09,41.57,41.57,22834300.0
2019-02-21,41.48,40.56,41.87,24048800.0
2019-02-20,41.32,41.22,42.25,28048700.0
2019-02-19,40.72,40.98,41.5,25575900.0
2019-02-15,41.28,41.01,41.41,28968400.0
2019-02-14,40.42,41.24,42.15,41759200.0
2019-02-13,39.89,40.7,41.29,50101700.0
2019-02-12,38.47,39.45,39.82,43587900.0
2019-02-11,37.7,37.68,37.96,30356500.0
2019-02-08,36.91,37.68,37.87,35573200.0
2019-02-07,39.85,38.46,40.09,40396400.0
2019-02-06,39.45,40.55,40.98,47472600.0
2019-02-05,38.32,38.45,39.39,25094000.0
2019-02-04,38.62,38.55,38.68,30851500.0
2019-02-01,37.41,38.67,38.93,36839900.0
2019-01-31,36.75,37.32,37.91,34130500.0
2019-01-30,37.4,37.34,37.85,32848100.0
2019-01-29,37.38,36.51,38.07,30331000.0
2019-01-28,36.08,37.19,38.05,44213000.0
2019-01-25,37.2,38.05,38.39,61032300.0
2019-01-24,34.48,35.73,36.56,65094800.0
2019-01-23,33.31,33.44,33.88,31011600.0
2019-01-22,34.42,33.08,34.42,37021900.0
2019-01-18,33.43,34.92,35.34,44872400.0
2019-01-17,32.45,33.09,33.4,29398500.0
2019-01-16,33.24,32.79,33.53,24890900.0
2019-01-15,34.2,33.19,34.4,30633600.0
2019-01-14,33.91,33.86,34.1,34612000.0
2019-01-11,34.59,35.17,35.87,30469800.0
2019-01-10,34.43,35.07,35.11,24437400.0
2019-01-09,34.15,34.61,35.44,54147900.0
2019-01-08,33.74,32.95,33.78,33434100.0
2019-01-07,32.91,33.2,33.64,44841500.0
2019-01-04,30.92,31.93,32.27,28557300.0
2019-01-03,31.07,30.27,31.4,29145500.0
2019-01-02,30.27,31.98,32.3,26004300.0
2018-12-31,31.24,30.99,31.64,21392100.0
2018-12-28,31.25,30.83,31.52,29873400.0
2018-12-27,29.7,31.18,31.26,39858300.0
2018-12-26,28.65,30.17,30.18,45711000.0
2018-12-24,29.16,28.34,29.64,23771800.0
2018-12-21,30.94,29.61,31.3,54630500.0
2018-12-20,30.86,30.55,32.13,60427600.0
2018-12-19,30.92,30.67,32.79,106669600.0
2018-12-18,33.58,33.31,34.12,46135400.0
2018-12-17,33.36,33.09,34.39,30891000.0
2018-12-14,33.63,33.4,34.62,28922100.0
2018-12-13,35.44,34.2,35.52,23825400.0
2018-12-12,35.1,35.19,35.75,26642500.0
2018-12-11,34.76,34.38,35.41,26238800.0
2018-12-10,34.01,33.98,34.88,33979700.0
2018-12-07,36.74,34.48,36.74,30619800.0
2018-12-06,34.82,36.79,36.8,37494400.0
2018-12-04,38.63,36.02,38.94,36616300.0
2018-12-03,39.26,39.09,39.3,35830000.0
2018-11-30,36.87,37.66,37.73,28176000.0
2018-11-29,37.4,37.02,37.8,23631300.0
2018-11-28,36.42,37.8,38.09,42293700.0
2018-11-27,35.24,36.13,36.57,21397300.0
2018-11-26,36.87,35.71,36.9,26569700.0
2018-11-23,35.09,35.55,36.62,11257800.0
2018-11-21,36.13,35.53,36.35,22728400.0
2018-11-20,33.3,35.27,36.12,38728600.0
2018-11-19,38.28,35.97,38.4,31039100.0
2018-11-16,37.55,38.52,38.78,25445700.0
2018-11-15,37.06,38.98,39.23,30046100.0
2018-11-14,37.72,37.14,38.06,23706400.0
2018-11-13,36.78,36.96,37.83,25870500.0
2018-11-12,37.34,36.56,37.63,24822400.0
2018-11-09,38.96,38.19,39.05,26102800.0
2018-11-08,39.72,39.49,40.46,15609300.0
2018-11-07,39.38,39.97,40.09,22957200.0
2018-11-06,38.81,38.87,39.61,19316600.0
2018-11-05,39.16,38.98,39.3,22904000.0
2018-11-02,39.25,39.38,39.98,33645700.0
2018-11-01,37.09,39.18,39.26,43981400.0
2018-10-31,35.72,36.84,37.15,44055400.0
2018-10-30,33.83,35.17,35.21,35319500.0
2018-10-29,35.29,33.85,35.35,34176400.0
2018-10-26,34.45,34.57,35.07,41257400.0
2018-10-25,34.76,35.92,36.29,39625700.0
2018-10-24,37.11,34.6,37.4,53096500.0
2018-10-23,37.26,37.77,38.19,46364200.0
2018-10-22,39.61,38.83,39.75,34441200.0
2018-10-19,40.69,39.5,41.01,28641400.0
2018-10-18,41.06,40.33,41.22,33560800.0
2018-10-17,42.32,41.36,42.37,27759000.0
2018-10-16,41.7,42.2,42.34,28827400.0
2018-10-15,41.05,41.35,41.55,27697300.0
2018-10-12,42.56,41.48,42.73,32851100.0
2018-10-11,40.98,40.99,41.92,48197000.0
2018-10-10,40.53,40.64,41.75,48452000.0
2018-10-09,41.81,41.28,42.03,31576400.0
2018-10-08,42.27,42.06,42.82,27426600.0
2018-10-05,43.05,42.56,43.59,35367100.0
2018-10-04,43.46,43.13,43.7,34579600.0
2018-10-03,45.2,44.09,45.33,29505100.0
2018-10-02,43.85,44.69,45.6,32397000.0
2018-10-01,44.38,44.09,45.0,26693400.0
2018-09-28,43.6,44.17,44.54,28080400.0
2018-09-27,43.19,43.94,44.45,26952400.0
2018-09-26,43.25,43.31,43.71,30299800.0
2018-09-25,44.04,43.59,44.4,32547500.0
2018-09-24,43.17,44.1,44.58,36918900.0
2018-09-21,43.36,43.69,44.53,97053400.0
2018-09-20,45.31,44.98,46.11,75144100.0
2018-09-19,44.71,44.01,44.98,29264700.0
2018-09-18,42.9,44.27,44.8,36507400.0
2018-09-17,42.57,42.56,43.28,28205300.0
2018-09-14,43.08,43.26,43.52,40610300.0
2018-09-13,41.31,42.6,43.45,59922100.0
2018-09-12,40.27,40.76,41.19,66916000.0
2018-09-11,42.63,42.58,42.73,48980700.0
2018-09-10,44.19,43.85,44.32,33078300.0
2018-09-07,44.08,43.81,45.37,47114300.0
2018-09-06,47.07,43.6,47.32,94413400.0
2018-09-05,50.19,48.38,50.39,39125100.0
2018-09-04,50.92,50.72,51.08,28975100.0
2018-08-31,51.47,51.29,51.98,29937300.0
2018-08-30,50.35,51.53,52.42,32416600.0
2018-08-29,50.87,50.62,50.94,31450800.0
2018-08-28,51.19,51.12,51.33,26198800.0
2018-08-27,50.15,50.85,51.22,29134100.0
2018-08-24,48.75,49.51,49.63,24785500.0
2018-08-23,48.88,48.54,49.06,26832000.0
2018-08-22,49.2,49.06,49.46,26740400.0
2018-08-21,47.76,48.77,49.19,38572900.0
2018-08-20,46.29,46.95,47.47,33022900.0
2018-08-17,45.13,46.01,46.25,34464200.0
2018-08-16,47.07,46.0,47.18,33663000.0
2018-08-15,48.66,46.38,48.69,57746200.0
2018-08-14,50.52,49.44,50.56,32050200.0
2018-08-13,50.4,50.14,50.84,24609500.0
2018-08-10,50.05,50.17,50.73,31340800.0
2018-08-09,51.42,51.04,51.61,34538400.0
2018-08-08,51.6,52.14,52.28,18074700.0
2018-08-07,51.7,51.8,52.19,21918600.0
2018-08-06,51.0,51.44,51.57,28776900.0
2018-08-03,52.05,51.57,52.15,22958900.0
2018-08-02,50.49,52.15,52.3,28708000.0
2018-08-01,51.43,51.07,52.33,28200000.0
2018-07-31,52.52,51.56,52.95,29301700.0
2018-07-30,52.92,51.77,52.98,25747800.0
2018-07-27,53.19,52.7,53.35,30109700.0
2018-07-26,52.35,52.5,53.46,28862500.0
2018-07-25,51.4,52.14,52.95,39749200.0
2018-07-24,53.71,51.93,54.1,39011500.0
2018-07-23,52.26,53.02,53.3,42781500.0
2018-07-20,54.77,53.73,54.83,32588100.0
2018-07-19,55.91,54.91,56.21,39392100.0
2018-07-18,55.91,56.11,56.79,33729700.0
2018-07-17,54.52,55.63,55.79,24729100.0
2018-07-16,55.28,54.84,55.84,25735200.0
2018-07-13,54.21,55.03,55.27,28799000.0
2018-07-12,53.37,54.15,54.36,29647700.0
2018-07-11,53.12,52.91,53.71,38699200.0
2018-07-10,53.38,54.44,54.59,34852800.0
2018-07-09,52.54,53.04,53.23,32579700.0
2018-07-06,51.31,51.98,52.16,31841000.0
2018-07-05,51.4,51.6,52.06,51136400.0
2018-07-03,53.27,50.28,53.51,52190200.0
2018-07-02,50.31,53.21,53.25,38934200.0
2018-06-29,52.43,51.21,52.59,32582200.0
2018-06-28,50.78,51.9,52.06,36878900.0
2018-06-27,53.71,51.04,54.06,53007500.0
2018-06-26,53.14,53.31,53.49,42277100.0
2018-06-25,54.24,51.92,54.34,72196300.0
2018-06-22,58.79,55.76,59.0,63497500.0
2018-06-21,60.02,58.05,60.38,70419900.0
2018-06-20,58.72,57.57,59.69,57497600.0
2018-06-19,56.29,57.86,58.07,43486600.0
2018-06-18,56.25,57.08,57.23,36975600.0
2018-06-15,57.16,56.87,57.72,45854100.0
2018-06-14,59.13,57.8,59.15,43421900.0
2018-06-13,58.89,58.65,59.84,33281400.0
2018-06-12,60.39,59.13,60.4,43633300.0
2018-06-11,60.27,59.95,61.09,42251500.0
2018-06-08,57.26,59.95,60.16,57144900.0
2018-06-07,58.45,58.24,58.86,42264700.0
2018-06-06,57.87,58.03,58.2,36749000.0
2018-06-05,58.4,58.02,58.73,41711300.0
2018-06-04,56.09,57.72,57.78,64350500.0
2018-06-01,57.43,57.37,57.95,74761500.0
2018-05-31,57.85,56.24,58.84,101882200.0
2018-05-30,62.21,61.11,63.15,84737600.0
2018-05-29,59.93,61.16,62.48,75591900.0
2018-05-25,59.43,59.92,60.65,54715900.0
2018-05-24,58.77,60.05,60.54,74725000.0
2018-05-23,57.67,58.57,58.6,64066800.0
2018-05-22,57.67,57.65,59.09,111262700.0
2018-05-21,54.87,54.18,55.15,70858100.0
2018-05-18,52.35,52.14,53.37,46088800.0
2018-05-17,54.7,53.42,55.12,54832200.0
2018-05-16,54.29,55.18,55.58,59011900.0
2018-05-15,52.54,52.75,52.9,43307300.0
2018-05-14,51.75,51.76,52.45,33376300.0
2018-05-11,51.15,50.61,51.56,27646400.0
2018-05-10,50.59,51.43,51.45,37146300.0
2018-05-09,47.91,49.82,49.84,36489100.0
2018-05-08,47.39,47.43,47.72,25205500.0
2018-05-07,47.13,47.35,47.96,33996900.0
2018-05-04,45.24,46.47,46.58,28632200.0
2018-05-03,44.67,45.53,45.77,30489600.0
2018-05-02,44.84,44.82,45.65,31640800.0
2018-05-01,44.52,45.69,45.77,34154900.0
2018-04-30,45.96,44.9,46.57,54743800.0
2018-04-27,49.91,46.41,50.19,50049800.0
2018-04-26,48.13,48.97,49.01,39041400.0
2018-04-25,46.45,46.49,47.21,43781200.0
2018-04-24,48.5,46.01,49.08,61915400.0
2018-04-23,49.62,47.87,49.69,43693000.0
2018-04-20,50.3,49.44,50.85,38510800.0
2018-04-19,51.66,50.22,52.83,52635000.0
2018-04-18,50.25,52.75,53.0,55393600.0
2018-04-17,50.64,51.04,51.47,33325300.0
2018-04-16,51.03,50.44,51.25,30879500.0
2018-04-13,52.15,51.01,52.24,43598900.0
2018-04-12,49.92,51.36,51.68,46656300.0
2018-04-11,49.1,49.3,50.59,38942200.0
2018-04-10,48.1,49.3,49.56,50346500.0
2018-04-09,47.98,46.84,48.66,50532900.0
2018-04-06,46.6,47.33,49.3,79392200.0
2018-04-05,50.84,48.67,50.98,89203500.0
2018-04-04,48.46,52.14,52.25,60272800.0
2018-04-03,49.61,50.34,50.56,52436400.0
2018-04-02,50.33,48.89,50.51,59875500.0
2018-03-29,50.94,50.92,51.45,61458800.0
2018-03-28,50.72,50.29,52.1,62987500.0
2018-03-27,53.77,51.17,54.17,67785100.0
2018-03-26,54.94,54.26,55.38,70260700.0
2018-03-23,56.34,52.94,57.43,118369500.0
2018-03-22,58.67,57.54,58.89,74274700.0
2018-03-21,59.92,59.64,60.28,51220200.0
2018-03-20,58.69,59.72,59.82,53890500.0
2018-03-19,58.95,58.73,59.56,71373300.0
2018-03-16,58.6,59.16,59.27,69323100.0
2018-03-15,58.37,57.46,58.74,50963700.0
2018-03-14,57.93,58.38,58.66,80306900.0
2018-03-13,60.72,58.04,61.94,142315800.0
2018-03-12,55.18,57.98,59.74,138651600.0
2018-03-09,54.46,53.31,54.52,65504600.0
2018-03-08,53.31,53.93,54.17,51685900.0
2018-03-07,52.09,52.71,53.71,61670000.0
2018-03-06,52.15,52.48,53.36,73096300.0
2018-03-05,47.66,50.81,51.14,70984100.0
2018-03-02,45.27,47.96,48.1,52492900.0
2018-03-01,47.63,46.51,47.67,61278800.0
2018-02-28,47.66,47.67,48.3,45031400.0
2018-02-27,46.54,47.44,47.84,44731100.0
2018-02-26,45.87,46.86,47.1,41966100.0
2018-02-23,44.12,45.44,45.7,48476700.0
2018-02-22,43.73,43.21,43.78,24359600.0
2018-02-21,44.31,43.5,44.48,31618700.0
2018-02-20,42.99,43.85,44.21,36215900.0
2018-02-16,42.28,43.18,44.05,49404600.0
2018-02-15,42.71,42.48,42.89,35072300.0
2018-02-14,40.95,42.43,42.61,36765900.0
2018-02-13,41.07,41.63,41.92,30296800.0
2018-02-12,40.05,41.2,41.68,47941100.0
2018-02-09,40.09,39.46,40.23,65189300.0
2018-02-08,41.52,39.06,42.02,53794100.0
2018-02-07,42.25,41.03,42.54,51354800.0
2018-02-06,39.6,42.85,42.9,66972800.0
2018-02-05,39.2,38.48,40.56,45796800.0
2018-02-02,41.02,39.86,41.22,40657400.0
2018-02-01,42.03,41.5,43.06,35713500.0
2018-01-31,41.97,42.7,42.93,45114600.0
2018-01-30,41.01,40.69,41.8,38861900.0
2018-01-29,42.24,42.28,42.4,29455000.0
2018-01-26,42.21,42.65,42.78,27177500.0
2018-01-25,43.19,42.0,43.67,40519200.0
2018-01-24,42.74,42.07,42.92,31305700.0
2018-01-23,42.24,42.92,43.61,41334100.0
2018-01-22,41.48,41.88,41.88,37879400.0
2018-01-19,42.92,41.75,43.17,41469200.0
2018-01-18,43.18,42.96,43.6,25152100.0
2018-01-17,42.2,43.22,43.34,38077100.0
2018-01-16,42.13,41.92,42.83,38174800.0
2018-01-12,41.82,41.81,42.34,28458500.0
2018-01-11,42.5,41.82,42.97,39402200.0
2018-01-10,40.97,42.3,42.35,53348000.0
2018-01-09,44.21,41.96,44.48,62982900.0
2018-01-08,44.25,44.48,45.01,32217400.0
2018-01-05,45.05,44.73,45.57,47381100.0
2018-01-04,44.91,45.78,45.88,52229500.0
2018-01-03,43.46,43.93,44.0,43376700.0
2018-01-02,40.57,42.65,42.7,37097000.0
2017-12-29,40.84,40.16,40.86,44642100.0
2017-12-28,41.83,40.83,42.04,28999700.0
2017-12-27,41.23,41.49,42.06,24175100.0
2017-12-26,42.18,41.26,42.19,41966200.0
2017-12-22,43.15,43.09,43.89,30372500.0
2017-12-21,44.48,43.38,44.51,50486100.0
2017-12-20,45.56,44.68,45.7,84338200.0
2017-12-19,43.06,42.95,43.3,51048300.0
2017-12-18,42.35,42.69,42.71,35075500.0
2017-12-15,41.31,41.41,41.56,58721700.0
2017-12-14,41.3,41.25,41.73,24582800.0
2017-12-13,41.23,41.07,42.09,28565600.0
2017-12-12,41.69,40.88,41.85,28492300.0
2017-12-11,42.4,42.0,42.73,32824000.0
2017-12-08,43.01,42.2,43.54,44717800.0
2017-12-07,41.19,42.19,42.22,43189000.0
2017-12-06,39.86,40.61,40.76,39735300.0
2017-12-05,38.84,40.24,41.07,56540700.0
2017-12-04,40.97,38.97,41.3,73640500.0
2017-12-01,40.75,41.01,41.55,73138600.0
2017-11-30,43.13,41.4,43.5,63895700.0
2017-11-29,46.39,42.72,46.49,81370100.0
2017-11-28,47.32,46.81,47.72,30633200.0
2017-11-27,46.84,46.93,47.26,44469700.0
2017-11-24,48.17,48.52,48.71,14203300.0
2017-11-22,48.68,47.99,48.72,28711800.0
2017-11-21,47.23,48.24,48.47,35756600.0
2017-11-20,45.42,46.53,46.74,26975000.0
2017-11-17,45.45,45.08,45.46,22613300.0
2017-11-16,44.66,45.1,45.21,24192600.0
2017-11-15,44.13,44.3,44.67,22434500.0
2017-11-14,44.51,44.73,44.92,29899200.0
2017-11-13,43.29,44.53,44.8,30522300.0
2017-11-10,42.74,43.73,43.8,33840800.0
2017-11-09,42.67,42.48,42.67,32501100.0
2017-11-08,42.82,43.06,43.11,19519600.0
2017-11-07,42.56,42.92,43.2,32422900.0
2017-11-06,42.82,42.24,42.98,28841000.0
2017-11-03,43.72,42.69,43.95,27694600.0
2017-11-02,43.05,43.3,43.7,25813000.0
2017-11-01,43.74,43.34,44.27,38842900.0
2017-10-31,41.26,43.27,43.53,61972200.0
2017-10-30,39.78,40.67,40.88,29119500.0
2017-10-27,39.64,39.89,39.98,31094700.0
2017-10-26,40.21,39.65,40.22,27453500.0
2017-10-25,40.34,40.1,40.62,31061100.0
2017-10-24,40.76,40.63,41.03,26299400.0
2017-10-23,40.87,40.59,41.2,26844200.0
2017-10-20,41.02,40.53,41.18,36293700.0
2017-10-19,40.22,40.34,40.53,47676000.0
2017-10-18,40.08,40.67,40.97,43528000.0
2017-10-17,40.18,39.44,40.43,41233700.0
2017-10-16,39.92,40.52,40.6,33696800.0
2017-10-13,39.82,39.45,40.21,35371200.0
2017-10-12,40.24,39.63,40.77,66789800.0
2017-10-11,39.88,40.64,41.08,53023600.0
2017-10-10,40.48,41.0,41.02,48214100.0
2017-10-09,38.79,40.0,40.03,27279300.0
2017-10-06,38.09,38.74,38.74,25150300.0
2017-10-05,38.87,38.45,38.93,22501000.0
2017-10-04,39.2,38.63,39.48,37908400.0
2017-10-03,38.99,39.42,39.59,27322300.0
2017-10-02,38.67,39.07,39.42,54244800.0
2017-09-29,37.09,38.41,38.44,48711400.0
2017-09-28,36.28,37.07,37.56,52569900.0
2017-09-27,35.41,36.22,36.28,84593900.0
2017-09-26,34.4,33.38,34.54,55112600.0
2017-09-25,35.2,34.05,35.3,35607200.0
2017-09-22,34.77,35.22,35.37,21559800.0
2017-09-21,35.09,35.07,35.4,22464900.0
2017-09-20,35.19,35.13,35.74,42243000.0
2017-09-19,34.67,35.11,35.25,26392200.0
2017-09-18,34.31,34.6,34.96,41330100.0
2017-09-15,33.83,33.84,34.18,37417300.0
2017-09-14,33.62,33.77,34.03,23007000.0
2017-09-13,33.75,33.78,33.98,41588100.0
2017-09-12,32.9,33.49,33.73,38685800.0
2017-09-11,32.13,32.66,32.66,31012100.0
2017-09-08,32.03,31.69,32.25,19649300.0
2017-09-07,31.71,32.02,32.13,25353300.0
2017-09-06,31.32,31.49,31.93,29290200.0
2017-09-05,31.69,31.32,31.97,28866600.0
2017-09-01,31.38,31.84,32.11,26034000.0
2017-08-31,30.87,31.22,31.27,25694000.0
2017-08-30,30.91,30.87,30.94,17467900.0
2017-08-29,30.03,30.74,30.79,23151900.0
2017-08-28,29.72,30.35,30.48,22531000.0
2017-08-25,29.59,29.58,29.68,13929800.0
2017-08-24,29.83,29.51,29.91,18056800.0
2017-08-23,29.27,29.74,30.02,21200400.0
2017-08-22,29.15,29.74,29.82,18821200.0
2017-08-21,29.81,28.87,29.88,26247700.0
2017-08-18,29.26,29.67,29.88,31178100.0
2017-08-17,29.61,28.92,29.81,26152500.0
2017-08-16,29.32,29.97,30.14,37879500.0
2017-08-15,28.81,28.98,29.11,23973600.0
2017-08-14,28.14,28.55,28.67,25254600.0
2017-08-11,26.8,27.35,27.38,23375900.0
2017-08-10,27.64,26.84,27.71,26147600.0
2017-08-09,27.84,27.91,28.21,14181800.0
2017-08-08,27.94,28.16,28.65,21903300.0
2017-08-07,27.27,27.92,27.94,16589300.0
2017-08-04,27.21,27.26,27.64,23947500.0
2017-08-03,27.72,27.18,27.73,30288400.0
2017-08-02,28.28,27.96,28.74,27226000.0
2017-08-01,27.56,27.67,28.26,28221600.0
2017-07-31,28.74,27.46,28.86,41112700.0
2017-07-28,29.26,28.59,29.28,31854900.0
2017-07-27,29.56,29.53,30.57,38967000.0
2017-07-26,29.15,29.11,29.34,26387400.0
2017-07-25,30.08,29.2,30.11,51216400.0
2017-07-24,31.25,30.93,31.26,17415500.0
2017-07-21,31.15,31.26,31.35,21146600.0
2017-07-20,31.18,31.25,31.27,23179300.0
2017-07-19,31.3,31.07,31.59,19984100.0
2017-07-18,30.9,31.15,31.16,14045000.0
2017-07-17,30.93,30.98,31.11,22320500.0
2017-07-14,30.61,31.04,31.2,28887600.0
2017-07-13,30.81,30.4,31.1,23773000.0
2017-07-12,31.02,30.71,31.03,22258600.0
2017-07-11,29.83,30.63,30.65,28530500.0
2017-07-10,29.45,29.78,29.87,24907900.0
2017-07-07,29.51,29.49,29.78,22023100.0
2017-07-06,29.24,29.39,29.76,27143800.0
2017-07-05,28.86,29.79,29.84,40444600.0
2017-07-03,29.38,28.46,29.57,36830400.0
2017-06-30,31.37,29.16,31.4,73308000.0
2017-06-29,31.53,30.73,31.63,53948400.0
2017-06-28,31.32,31.48,31.52,28415900.0
2017-06-27,31.75,30.92,31.9,33221500.0
2017-06-26,31.69,31.74,32.19,34750700.0
2017-06-23,31.14,30.99,31.33,45323800.0
2017-06-22,31.29,31.14,31.64,23050800.0
2017-06-21,30.45,31.26,31.4,30579000.0
2017-06-20,30.66,30.11,30.84,25793300.0
2017-06-19,29.79,30.47,30.52,24915000.0
2017-06-16,29.91,29.16,30.27,42881700.0
2017-06-15,29.76,29.84,30.24,33670600.0
2017-06-14,31.03,30.33,31.04,28935000.0
2017-06-13,31.01,30.8,31.48,33767900.0
2017-06-12,29.35,30.47,30.95,46550900.0
2017-06-09,31.9,29.88,32.16,53064200.0
2017-06-08,32.07,31.69,32.09,29156500.0
2017-06-07,30.96,31.74,31.79,32635800.0
2017-06-06,30.31,30.83,31.02,33125800.0
2017-06-05,30.57,30.48,31.02,24360800.0
2017-06-02,30.08,30.48,30.64,20206300.0
2017-06-01,30.03,30.04,30.11,20534800.0
2017-05-31,30.28,30.05,30.37,26402900.0
2017-05-30,29.24,29.98,30.15,34690000.0
2017-05-26,28.58,29.06,29.07,17784800.0
2017-05-25,28.51,28.74,28.96,20714000.0
2017-05-24,27.8,28.31,28.44,22216800.0
2017-05-23,27.42,27.63,27.65,21800800.0
2017-05-22,27.54,27.4,27.59,18032700.0
2017-05-19,27.13,27.17,27.5,19173200.0
2017-05-18,26.51,26.83,27.24,26863000.0
2017-05-17,27.67,26.37,27.84,38027900.0
2017-05-16,28.24,28.34,28.4,14940800.0
2017-05-15,28.4,28.15,28.5,21899900.0
2017-05-12,28.42,28.25,28.44,15902700.0
2017-05-11,28.49,28.35,28.62,22494600.0
2017-05-10,28.24,28.63,28.73,29267500.0
2017-05-09,27.45,28.13,28.22,31073400.0
2017-05-08,26.91,27.4,27.41,32326800.0
2017-05-05,27.15,27.54,27.56,15639600.0
2017-05-04,27.28,27.14,27.51,15544600.0
2017-05-03,26.9,27.34,27.44,15061300.0
2017-05-02,27.62,27.12,27.62,25335300.0
2017-05-01,27.2,27.63,27.71,23938000.0
2017-04-28,27.36,27.02,27.54,28105100.0
2017-04-27,26.53,26.98,27.0,24626900.0
2017-04-26,25.96,26.16,26.43,24670700.0
2017-04-25,26.08,26.36,26.39,22881400.0
2017-04-24,27.09,25.95,27.11,44041000.0
2017-04-21,27.34,26.68,27.37,28361700.0
2017-04-20,26.85,27.3,27.42,23633000.0
2017-04-19,26.81,26.62,26.9,21231900.0
2017-04-18,26.37,26.5,26.7,14407100.0
2017-04-17,26.28,26.49,26.58,14108600.0
2017-04-13,25.93,26.11,26.59,26077500.0
2017-04-12,26.78,26.06,26.79,24621900.0
2017-04-11,26.85,26.54,26.89,38619300.0
2017-04-10,27.78,26.99,27.82,27422100.0
2017-04-07,27.78,27.85,28.18,20325500.0
2017-04-06,27.59,27.95,28.1,19423700.0
2017-04-05,27.97,27.6,28.23,22389900.0
2017-04-04,27.8,27.92,28.01,13957900.0
2017-04-03,28.27,27.97,28.36,21629100.0
2017-03-31,28.42,28.22,28.67,32337800.0
2017-03-30,27.73,28.29,28.32,25092700.0
2017-03-29,27.93,27.83,28.01,23060600.0
2017-03-28,28.06,28.02,28.38,24776400.0
2017-03-27,27.44,28.08,28.5,48190000.0
2017-03-24,29.01,27.76,29.17,107481800.0
2017-03-23,25.74,25.85,25.87,47118300.0
2017-03-22,25.13,25.45,25.54,25092500.0
2017-03-21,25.68,24.92,25.82,28397500.0
2017-03-20,25.38,25.59,25.99,26918800.0
2017-03-17,25.25,25.19,25.3,19126500.0
2017-03-16,25.58,25.43,25.61,19147300.0
2017-03-15,24.56,25.51,25.54,29779900.0
2017-03-14,24.99,24.98,25.1,14587500.0
2017-03-13,24.79,25.1,25.21,23768200.0
2017-03-10,24.69,24.59,25.15,28919000.0
2017-03-09,24.64,24.56,24.89,21786600.0
2017-03-08,25.04,24.78,25.22,24921100.0
2017-03-07,24.96,25.04,25.15,20313000.0
2017-03-06,24.9,25.11,25.31,25527800.0
2017-03-03,24.61,24.97,25.08,37862400.0
2017-03-02,24.3,24.12,24.66,45941900.0
2017-03-01,23.59,23.97,24.0,27989300.0
2017-02-28,23.23,22.89,23.39,21447500.0
2017-02-27,22.81,23.2,23.21,17999800.0
2017-02-24,22.42,22.69,22.71,22019600.0
2017-02-23,23.36,22.93,23.41,20172900.0
2017-02-22,23.3,23.19,23.49,16013300.0
2017-02-21,23.06,23.21,23.42,20256300.0
2017-02-17,22.47,22.8,22.83,22108700.0
2017-02-16,22.5,22.44,22.79,23819800.0
2017-02-15,22.53,22.48,22.71,28215800.0
2017-02-14,22.81,22.58,22.82,60685200.0
2017-02-13,23.5,23.34,23.63,16876400.0
2017-02-10,24.13,23.48,24.18,28578400.0
2017-02-09,24.17,23.88,24.31,27887400.0
2017-02-08,23.68,23.64,23.81,21559200.0
2017-02-07,24.01,24.02,24.11,19879300.0
2017-02-06,23.95,23.77,24.15,18900000.0
2017-02-03,24.31,24.02,24.65,25054400.0
2017-02-02,23.95,24.21,24.72,45499700.0
2017-02-01,23.86,24.17,24.27,28728200.0
2017-01-31,23.39,23.54,23.58,22712500.0
2017-01-30,23.26,23.61,23.67,30508100.0
2017-01-27,22.98,23.41,23.53,18626100.0
2017-01-26,23.24,22.97,23.43,19379100.0
2017-01-25,22.85,23.01,23.42,31611800.0
2017-01-24,21.75,22.31,22.55,29461400.0
2017-01-23,21.44,21.38,21.79,16070300.0
2017-01-20,21.38,21.44,21.8,19978700.0
2017-01-19,20.99,21.2,21.78,31259000.0
2017-01-18,21.17,21.79,21.81,19493400.0
2017-01-17,21.37,21.23,21.55,20053800.0
2017-01-13,21.75,21.66,21.79,14025700.0
2017-01-12,21.93,21.79,21.95,27592300.0
2017-01-11,22.08,22.25,22.34,20907700.0
2017-01-10,21.83,21.95,22.16,20644300.0
2017-01-09,21.42,21.81,22.02,21537200.0
2017-01-06,21.75,21.52,21.76,17782200.0
2017-01-05,21.87,21.59,22.04,19759400.0
2017-01-04,22.14,21.83,22.3,20426800.0
2017-01-03,21.55,22.02,22.21,24962900.0
2016-12-30,21.82,21.4,21.87,20268900.0
2016-12-29,22.05,21.75,22.26,19890500.0
2016-12-28,22.85,22.24,22.86,24026900.0
2016-12-27,22.8,22.75,23.08,24214100.0
2016-12-23,22.53,22.71,22.94,27780100.0
2016-12-22,22.37,22.64,22.94,85870000.0
2016-12-21,20.26,20.1,20.34,32034500.0
2016-12-20,20.24,20.16,20.31,23018500.0
2016-12-19,19.95,19.87,20.21,23555900.0
2016-12-16,20.05,19.79,20.51,36643400.0
2016-12-15,19.63,19.81,20.02,19453100.0
2016-12-14,19.46,19.55,19.85,19489100.0
2016-12-13,19.67,19.66,19.99,26252400.0
2016-12-12,19.82,19.55,20.03,28676100.0
2016-12-09,20.24,20.02,20.36,23978000.0
2016-12-08,20.26,20.17,20.5,36257400.0
2016-12-07,19.04,19.96,20.06,44735700.0
2016-12-06,18.18,18.61,18.64,22267800.0
2016-12-05,18.55,18.17,18.55,26635500.0
2016-12-02,18.02,18.35,18.75,25887600.0
2016-12-01,19.24,18.04,19.36,40713100.0
2016-11-30,19.12,19.07,19.29,26031700.0
2016-11-29,19.45,18.96,19.72,37924400.0
2016-11-28,19.7,19.52,19.8,22205900.0
2016-11-25,19.48,19.66,19.96,16308000.0
2016-11-23,19.17,19.44,19.46,20041300.0
2016-11-22,19.18,19.28,19.33,22219100.0
2016-11-21,18.93,19.03,19.21,22744000.0
2016-11-18,18.45,18.76,18.87,29121600.0
2016-11-17,17.92,18.73,18.88,45958100.0
2016-11-16,17.52,17.81,17.9,21629000.0
2016-11-15,17.24,17.67,17.74,25153900.0
2016-11-14,17.35,17.29,17.56,26313300.0
2016-11-11,16.68,17.25,17.26,31043300.0
2016-11-10,16.94,16.59,17.34,30282200.0
2016-11-09,16.55,16.79,16.94,33873300.0
2016-11-08,16.89,17.0,17.14,18062700.0
2016-11-07,16.62,16.97,17.02,21673200.0
2016-11-04,16.07,16.29,16.62,18026600.0
2016-11-03,16.27,16.23,16.41,17255100.0
2016-11-02,16.55,16.29,16.62,24949700.0
2016-11-01,16.79,16.58,17.0,27146100.0
2016-10-31,17.13,16.76,17.34,23267600.0
2016-10-28,17.18,16.79,17.25,20832400.0
2016-10-27,17.4,17.12,17.48,21198300.0
2016-10-26,16.89,17.22,17.51,23610500.0
2016-10-25,16.7,17.13,17.19,27444000.0
2016-10-24,16.67,16.66,16.76,13838700.0
2016-10-21,16.6,16.54,16.67,18710300.0
2016-10-20,16.65,16.79,17.09,17129700.0
2016-10-19,16.6,16.81,16.84,18629500.0
2016-10-18,16.8,17.0,17.24,20185700.0
2016-10-17,16.62,16.59,16.76,12657800.0
2016-10-14,16.63,16.73,17.0,23539800.0
2016-10-13,16.17,16.45,16.6,28593700.0
2016-10-12,16.48,16.38,16.64,17901800.0
2016-10-11,16.99,16.46,17.06,38070200.0
2016-10-10,17.3,17.09,17.42,18857600.0
2016-10-07,17.3,17.19,17.38,23849000.0
2016-10-06,17.22,17.31,17.47,21606800.0
2016-10-05,17.14,17.28,17.9,67739500.0
2016-10-04,17.56,17.38,17.61,54502800.0
2016-10-03,17.57,17.31,17.6,26856100.0
2016-09-30,17.33,17.36,17.58,21363100.0
2016-09-29,17.04,17.13,17.35,31870200.0
2016-09-28,17.73,17.03,17.73,42715600.0
2016-09-27,17.12,17.58,17.65,28621000.0
2016-09-26,16.94,16.95,17.18,19567200.0
2016-09-23,17.04,17.07,17.32,17947600.0
2016-09-22,17.47,17.18,17.62,25278000.0
2016-09-21,16.84,17.24,17.28,31384900.0
2016-09-20,16.65,16.52,16.86,17775800.0
2016-09-19,17.21,16.55,17.35,23999900.0
2016-09-16,17.65,17.07,17.65,37447400.0
2016-09-15,16.5,17.04,17.05,24303700.0
2016-09-14,16.48,16.53,16.68,18591300.0
2016-09-13,16.52,16.35,16.75,24345800.0
2016-09-12,16.22,16.75,16.79,28239200.0
2016-09-09,16.92,16.41,17.32,31389600.0
2016-09-08,16.77,17.04,17.44,39212100.0
2016-09-07,16.8,16.76,16.94,23023500.0
2016-09-06,16.4,16.61,16.68,22998600.0
2016-09-02,16.56,16.31,16.57,16099500.0
2016-09-01,16.22,16.25,16.4,15719500.0
2016-08-31,16.31,16.1,16.34,21963700.0
2016-08-30,16.6,16.34,16.61,23620900.0
2016-08-29,16.52,16.51,16.84,34467800.0
2016-08-26,15.95,16.12,16.41,24243700.0
2016-08-25,15.52,15.82,16.16,34837800.0
2016-08-24,15.82,15.14,15.86,26686900.0
2016-08-23,15.89,15.8,16.15,23741400.0
2016-08-22,15.77,15.81,16.04,22145800.0
2016-08-19,15.78,15.87,16.06,35059400.0
2016-08-18,15.18,15.4,15.43,16590700.0
2016-08-17,15.16,15.15,15.39,22552100.0
2016-08-16,15.21,15.12,15.22,21872700.0
2016-08-15,14.73,15.16,15.33,29105200.0
2016-08-12,14.12,14.58,14.64,24909900.0
2016-08-11,13.91,14.09,14.15,14451300.0
2016-08-10,14.14,13.86,14.16,15003200.0
2016-08-09,14.22,14.14,14.35,12573700.0
2016-08-08,14.19,14.08,14.37,16163500.0
2016-08-05,13.88,14.18,14.43,29098400.0
2016-08-04,13.29,13.7,13.86,23400100.0
2016-08-03,12.96,13.19,13.26,17316600.0
2016-08-02,13.23,13.08,13.26,23707600.0
2016-08-01,13.48,13.24,13.59,16363900.0
2016-07-29,13.58,13.41,13.61,21792900.0
2016-07-28,13.8,13.48,13.85,25504200.0
2016-07-27,14.5,13.85,14.54,35035800.0
2016-07-26,13.67,14.32,14.34,38959800.0
2016-07-25,13.67,13.59,13.99,51357000.0
2016-07-22,12.9,12.82,12.92,18755900.0
2016-07-21,13.16,12.87,13.18,16734700.0
2016-07-20,13.01,13.27,13.3,35666000.0
2016-07-19,12.91,12.91,12.95,30569900.0
2016-07-18,12.94,13.02,13.04,17180500.0
2016-07-15,12.99,12.82,13.18,18046200.0
2016-07-14,13.18,12.98,13.23,18698900.0
2016-07-13,12.93,12.98,13.07,23067400.0
2016-07-12,12.69,12.92,13.14,35226800.0
2016-07-11,12.49,12.34,12.67,22797100.0
2016-07-08,12.1,12.32,12.42,27955700.0
2016-07-07,11.62,11.91,12.25,33457100.0
2016-07-06,11.48,11.45,11.57,35747800.0
2016-07-05,12.09,11.63,12.15,37298900.0
2016-07-01,12.28,12.2,12.59,68847100.0
2016-06-30,13.02,13.43,13.45,48486100.0
2016-06-29,12.99,12.88,13.1,36879800.0
2016-06-28,12.34,12.68,12.74,34838100.0
2016-06-27,12.82,11.94,12.93,45700500.0
2016-06-24,13.18,12.9,13.52,77486100.0
2016-06-23,13.09,13.72,13.83,71203000.0
2016-06-22,12.48,12.42,12.73,26968200.0
2016-06-21,12.24,12.45,12.53,25060500.0
2016-06-20,12.21,12.03,12.36,21481700.0
2016-06-17,11.69,11.91,12.06,20604200.0
2016-06-16,11.59,11.67,11.71,22453100.0
2016-06-15,11.87,11.73,11.96,17491700.0
2016-06-14,11.78,11.64,12.03,21913200.0
2016-06-13,11.72,11.76,12.07,15538900.0
2016-06-10,12.03,11.85,12.08,21439300.0
2016-06-09,12.17,12.21,12.4,21881700.0
2016-06-08,12.77,12.28,12.78,25869800.0
2016-06-07,12.53,12.69,12.84,21409500.0
2016-06-06,12.58,12.47,12.73,24861200.0
2016-06-03,12.71,12.56,12.73,28326000.0
2016-06-02,12.64,12.8,12.9,31941900.0
2016-06-01,12.31,12.78,12.78,35762100.0
2016-05-31,12.36,12.42,12.6,49604300.0
2016-05-27,11.69,12.02,12.14,29838400.0
2016-05-26,11.43,11.67,11.74,23644100.0
2016-05-25,11.31,11.32,11.5,29175600.0
2016-05-24,11.04,11.22,11.23,25437300.0
2016-05-23,10.58,10.88,10.9,28369200.0
2016-05-20,10.06,10.54,10.55,31189700.0
2016-05-19,9.76,9.83,10.02,18852900.0
2016-05-18,9.45,9.81,10.04,26916900.0
2016-05-17,9.42,9.44,9.68,22112100.0
2016-05-16,9.38,9.45,9.46,16247600.0
2016-05-13,9.43,9.33,9.56,21517300.0
2016-05-12,9.91,9.4,10.02,41066600.0
2016-05-11,9.78,9.86,10.08,17808400.0
2016-05-10,9.7,9.85,9.87,19608200.0
2016-05-09,9.76,9.64,9.83,20476700.0
2016-05-06,9.74,9.75,9.97,20963300.0
2016-05-05,9.82,9.82,10.15,26456300.0
2016-05-04,10.01,9.76,10.24,40867200.0
2016-05-03,10.24,10.11,10.37,27847600.0
2016-05-02,10.54,10.37,10.6,23794800.0
2016-04-29,11.35,10.49,11.41,40162100.0
2016-04-28,11.26,11.34,12.12,41186400.0
2016-04-27,11.07,11.29,11.33,24353400.0
2016-04-26,10.56,11.24,11.37,47098100.0
2016-04-25,10.42,10.3,10.62,22500000.0
2016-04-22,10.41,10.41,10.55,18715200.0
2016-04-21,10.54,10.4,10.63,15629500.0
2016-04-20,10.38,10.49,10.51,19268600.0
2016-04-19,10.82,10.47,10.82,21005700.0
2016-04-18,10.38,10.63,10.84,26372800.0
2016-04-15,10.48,10.44,10.52,25325200.0
2016-04-14,10.53,10.15,10.53,17778100.0
2016-04-13,10.06,10.62,10.64,26108900.0
2016-04-12,10.26,9.93,10.29,25679600.0
2016-04-11,10.49,10.2,10.66,18258000.0
2016-04-08,10.39,10.47,10.63,18950000.0
2016-04-07,10.17,10.26,10.4,19470200.0
2016-04-06,10.17,10.22,10.23,18413000.0
2016-04-05,10.38,10.15,10.47,20760300.0
2016-04-04,10.8,10.54,10.95,22475200.0
2016-04-01,10.04,10.77,10.81,28458300.0
2016-03-31,10.06,10.22,10.24,48134200.0
2016-03-30,10.26,10.23,10.69,35166700.0
2016-03-29,9.94,10.2,10.28,30891600.0
2016-03-28,10.25,10.13,10.34,22898800.0
2016-03-24,10.25,10.25,10.35,22822800.0
2016-03-23,11.16,10.4,11.19,29424300.0
2016-03-22,11.18,11.17,11.32,13463400.0
2016-03-21,10.88,11.26,11.32,18083000.0
2016-03-18,10.58,10.88,10.9,44827100.0
2016-03-17,10.47,10.61,10.74,19976800.0
2016-03-16,10.46,10.47,10.63,20471800.0
2016-03-15,10.89,10.59,10.89,15156500.0
2016-03-14,11.07,10.89,11.07,13531300.0
2016-03-11,10.73,11.12,11.13,17261200.0
2016-03-10,10.69,10.62,10.8,17739000.0
2016-03-09,10.5,10.55,10.65,15133800.0
2016-03-08,11.17,10.41,11.18,29648400.0
2016-03-07,11.19,11.31,11.5,27748800.0
2016-03-04,11.52,11.6,12.0,35279500.0
2016-03-03,11.45,11.51,11.57,16323300.0
2016-03-02,10.75,11.4,11.41,18197500.0
2016-03-01,10.51,10.81,10.84,15638700.0
2016-02-29,10.4,10.38,10.63,20720000.0
2016-02-26,10.53,10.45,10.74,16418800.0
2016-02-25,10.42,10.47,10.48,16153900.0
2016-02-24,10.01,10.39,10.42,18551800.0
2016-02-23,10.74,10.24,10.82,22686800.0
2016-02-22,11.1,10.79,11.17,20001700.0
2016-02-19,11.12,10.89,11.12,17907100.0
2016-02-18,11.3,11.22,11.47,21616100.0
2016-02-17,10.71,11.16,11.37,34404700.0
2016-02-16,10.11,10.55,10.61,27494100.0
2016-02-12,9.64,9.78,10.0,23857000.0
2016-02-11,9.49,9.46,9.71,27105700.0
2016-02-10,9.84,9.66,10.04,22090500.0
2016-02-09,9.77,9.74,10.09,30178600.0
2016-02-08,10.46,9.93,10.5,27424400.0
2016-02-05,10.89,10.74,11.11,22658100.0
2016-02-04,10.46,10.96,11.28,26164100.0
2016-02-03,10.42,10.5,10.6,18098100.0
2016-02-02,10.54,10.34,10.81,22090300.0
2016-02-01,10.74,10.7,10.84,25824800.0
2016-01-29,9.75,10.77,10.79,38448100.0
2016-01-28,10.23,9.65,10.3,37390400.0
2016-01-27,10.25,10.14,10.57,23013500.0
2016-01-26,10.3,10.3,10.47,26179500.0
2016-01-25,10.8,10.23,10.9,23874800.0
2016-01-22,10.91,10.81,11.3,35091300.0
2016-01-21,10.2,10.59,10.64,52299100.0
2016-01-20,10.13,9.81,10.14,65210400.0
2016-01-19,11.01,10.54,11.1,38131300.0
2016-01-15,11.08,10.82,11.38,37164600.0
2016-01-14,11.79,11.73,11.97,35810400.0
2016-01-13,12.48,11.77,12.66,35319800.0
2016-01-12,12.42,12.42,12.93,25671300.0
2016-01-11,13.05,12.23,13.14,43159100.0
2016-01-08,13.45,13.01,13.62,29064200.0
2016-01-07,13.53,13.34,13.93,26029200.0
2016-01-06,14.16,13.88,14.34,26835100.0
2016-01-05,14.08,14.47,14.72,29806700.0
2016-01-04,13.5,13.99,14.02,22622300.0
2015-12-31,13.77,13.83,13.95,13249400.0
2015-12-30,13.93,13.83,14.1,10943700.0
2015-12-29,14.01,14.0,14.17,16104200.0
2015-12-28,14.11,13.85,14.17,17658500.0
2015-12-24,13.86,14.14,14.25,14284200.0
2015-12-23,13.4,13.96,13.96,59121400.0
2015-12-22,14.45,14.26,14.6,27101100.0
2015-12-21,14.1,14.42,14.44,22217300.0
2015-12-18,14.04,14.02,14.38,38534200.0
2015-12-17,14.3,13.98,14.42,29024400.0
2015-12-16,14.02,13.74,14.11,21968200.0
2015-12-15,13.44,13.84,14.03,26455800.0
2015-12-14,14.09,13.34,14.14,35155800.0
2015-12-11,13.98,13.71,14.1,23718100.0
2015-12-10,13.95,14.31,14.45,14817000.0
2015-12-09,14.25,13.98,14.32,20917100.0
2015-12-08,14.26,14.25,14.35,18188000.0
2015-12-07,14.99,14.5,15.1,23579100.0
2015-12-04,15.17,15.13,15.55,19068500.0
2015-12-03,15.57,15.24,15.82,15210100.0
2015-12-02,16.1,15.45,16.2,16121100.0
2015-12-01,15.8,16.16,16.24,20138300.0
2015-11-30,15.22,15.55,15.63,13495300.0
2015-11-27,15.18,15.19,15.27,5019000.0
2015-11-25,15.04,15.21,15.41,10003300.0
2015-11-24,14.86,15.26,15.29,12222500.0
2015-11-23,15.17,14.96,15.3,14049000.0
2015-11-20,15.62,15.07,15.72,24068900.0
2015-11-19,15.34,15.5,15.9,18278900.0
2015-11-18,15.03,15.24,15.32,20071300.0
2015-11-17,14.67,14.92,15.36,25249600.0
2015-11-16,14.6,14.54,14.84,23731800.0
2015-11-13,14.94,14.65,15.02,21071200.0
2015-11-12,14.92,14.99,15.38,14296800.0
2015-11-11,15.27,15.13,15.42,16199800.0
2015-11-10,15.37,15.18,15.48,24591700.0
2015-11-09,15.97,15.47,16.06,23643000.0
2015-11-06,16.05,16.06,16.37,18047800.0
2015-11-05,17.11,16.12,17.3,26767000.0
2015-11-04,17.62,17.03,17.62,19246900.0
2015-11-03,16.7,17.42,17.57,22131500.0
2015-11-02,16.56,16.69,16.88,18767100.0
2015-10-30,15.99,16.17,16.23,19248400.0
2015-10-29,16.3,15.83,16.34,17073800.0
2015-10-28,16.4,16.52,16.71,15151700.0
2015-10-27,16.13,16.29,16.4,14697600.0
2015-10-26,16.76,16.19,16.84,14901400.0
2015-10-23,16.5,16.83,16.91,22439400.0
2015-10-22,16.01,16.33,16.61,33986100.0
2015-10-21,16.1,16.04,16.53,48737400.0
2015-10-20,18.45,16.69,18.6,67592500.0
2015-10-19,17.94,18.71,18.77,27543300.0
2015-10-16,18.3,18.06,18.39,15587100.0
2015-10-15,18.43,18.22,18.7,20397700.0
2015-10-14,18.33,18.38,18.85,34627900.0
2015-10-13,17.39,17.75,18.12,21778500.0
2015-10-12,18.1,17.6,18.19,22494700.0
2015-10-09,18.19,17.73,18.41,23392500.0
2015-10-08,18.15,18.28,18.65,33619600.0
2015-10-07,17.96,18.18,18.47,41913500.0
2015-10-06,17.21,17.79,17.87,51249900.0
2015-10-05,15.93,17.16,17.42,63718700.0
2015-10-02,14.86,15.53,15.57,49688200.0
2015-10-01,14.64,14.42,14.68,37460500.0
2015-09-30,14.38,14.63,14.97,28066300.0
2015-09-29,13.92,14.04,14.34,25529200.0
2015-09-28,14.32,13.73,14.38,30448600.0
2015-09-25,14.98,14.56,15.22,28917300.0
2015-09-24,14.45,14.98,15.15,32800800.0
2015-09-23,15.07,14.46,15.07,22567900.0
2015-09-22,14.99,15.05,15.45,22763900.0
2015-09-21,15.25,15.38,15.6,19024500.0
2015-09-18,15.7,15.13,15.81,36698200.0
2015-09-17,16.29,16.02,16.41,22827600.0
2015-09-16,16.07,16.29,16.31,22363200.0
2015-09-15,16.46,16.13,16.46,21319400.0
2015-09-14,16.5,16.31,16.52,15178700.0
2015-09-11,16.62,16.4,16.76,22107600.0
2015-09-10,16.41,16.79,17.01,20814300.0
2015-09-09,17.48,16.56,17.55,32951100.0
2015-09-08,17.14,17.12,17.33,26817000.0
2015-09-04,15.92,16.42,16.89,32420800.0
2015-09-03,16.0,16.2,16.8,26377200.0
2015-09-02,15.71,15.91,15.93,23478500.0
2015-09-01,15.43,15.45,15.83,27914200.0
2015-08-31,15.53,16.02,16.29,32916900.0
2015-08-28,15.87,15.58,16.15,34099400.0
2015-08-27,14.28,15.3,15.55,42971800.0
2015-08-26,14.26,14.08,14.4,43819700.0
2015-08-25,14.82,13.93,14.98,38655100.0
2015-08-24,13.48,14.1,14.1,54532000.0
2015-08-21,14.05,14.19,14.89,43715800.0
2015-08-20,14.99,14.39,15.01,54864200.0
2015-08-19,15.86,15.52,15.96,36874000.0
2015-08-18,16.6,15.99,16.6,32424300.0
2015-08-17,16.08,16.81,16.85,33001000.0
2015-08-14,17.34,16.55,17.57,37248200.0
2015-08-13,17.8,17.28,17.95,15468600.0
2015-08-12,17.23,17.76,17.9,20428400.0
2015-08-11,18.19,17.46,18.19,22959200.0
2015-08-10,18.14,18.38,18.51,25232400.0
2015-08-07,18.02,18.01,18.09,23718300.0
2015-08-06,18.48,18.28,18.51,29928600.0
2015-08-05,18.73,18.46,19.01,23370800.0
2015-08-04,18.72,18.56,18.74,19934500.0
2015-08-03,18.17,18.55,18.93,32958300.0
2015-07-31,19.55,18.07,19.56,55074900.0
2015-07-30,19.28,19.43,19.63,31248700.0
2015-07-29,19.51,19.4,20.09,41557900.0
2015-07-28,17.92,19.28,19.61,51809500.0
2015-07-27,17.67,17.69,18.23,27584100.0
2015-07-24,18.16,17.91,18.26,21567400.0
2015-07-23,17.9,18.26,18.48,32805200.0
2015-07-22,18.09,17.58,18.19,43635100.0
2015-07-21,18.4,18.44,18.66,29340300.0
2015-07-20,19.61,18.44,19.61,41989300.0
2015-07-17,19.07,19.65,19.76,34081300.0
2015-07-16,18.8,19.15,19.28,34717200.0
2015-07-15,19.03,18.44,19.19,41983200.0
2015-07-14,19.29,19.15,19.37,103878600.0
2015-07-13,17.41,17.19,17.43,35788100.0
2015-07-10,16.92,17.16,17.23,24282900.0
2015-07-09,17.45,16.75,17.59,47087100.0
2015-07-08,17.54,17.21,17.56,30898900.0
2015-07-07,17.7,17.77,17.93,46293200.0
2015-07-06,18.4,17.89,18.53,37875800.0
2015-07-02,18.39,18.62,18.92,26178100.0
2015-07-01,18.6,18.34,18.65,25027100.0
2015-06-30,18.44,18.4,18.65,34683900.0
2015-06-29,18.88,18.29,19.14,49126100.0
2015-06-26,19.79,19.2,20.12,149010300.0
2015-06-25,23.56,23.46,23.67,38347800.0
2015-06-24,23.87,23.49,23.91,21243700.0
2015-06-23,24.05,23.91,24.28,16168900.0
2015-06-22,23.57,24.05,24.13,26231200.0
2015-06-19,24.22,23.89,24.38,25589300.0
2015-06-18,24.06,23.89,24.24,21570800.0
2015-06-17,23.73,23.9,24.1,17951700.0
2015-06-16,23.48,23.67,23.75,19173100.0
2015-06-15,23.65,23.67,23.68,44190200.0
2015-06-12,24.31,24.54,24.78,21123900.0
2015-06-11,24.61,24.43,24.79,25793500.0
2015-06-10,24.92,24.6,24.99,23802900.0
2015-06-09,25.3,24.6,25.34,39816700.0
2015-06-08,25.89,25.31,26.0,23252600.0
2015-06-05,26.37,25.97,26.37,16585400.0
2015-06-04,26.27,26.36,26.6,22186200.0
2015-06-03,27.34,26.44,27.35,29623400.0
2015-06-02,27.69,27.14,27.74,18228000.0
2015-06-01,27.3,27.75,27.86,20206400.0
2015-05-29,27.75,27.27,27.75,18451300.0
2015-05-28,27.53,27.62,27.95,18667000.0
2015-05-27,26.79,27.47,27.75,23441800.0
2015-05-26,26.58,26.68,26.83,14966600.0
2015-05-22,26.59,26.69,27.0,20360300.0
2015-05-21,25.99,26.27,26.5,17258100.0
2015-05-20,25.85,25.97,26.36,22866300.0
2015-05-19,26.2,25.69,26.3,19527000.0
2015-05-18,25.55,26.13,26.2,20150000.0
2015-05-15,25.91,25.71,26.0,25864900.0
2015-05-14,26.69,26.06,26.87,32201100.0
2015-05-13,26.7,26.55,27.01,17530500.0
2015-05-12,26.9,26.24,26.93,19518800.0
2015-05-11,26.49,27.1,27.43,24591200.0
2015-05-08,26.73,26.54,26.79,34955400.0
2015-05-07,27.15,26.63,27.24,29689300.0
2015-05-06,27.56,27.33,27.64,19770700.0
2015-05-05,27.61,27.38,27.69,19347300.0
2015-05-04,28.39,28.0,28.47,13909600.0
2015-05-01,27.65,28.31,28.56,16701100.0
2015-04-30,28.11,27.47,28.17,18988900.0
2015-04-29,28.03,28.19,28.31,10964300.0
2015-04-28,28.53,28.31,28.76,12372000.0
2015-04-27,28.56,28.58,28.96,14871400.0
2015-04-24,29.04,28.51,29.04,18764300.0
2015-04-23,28.25,28.83,29.08,22039700.0
2015-04-22,27.91,28.81,29.05,29662800.0
2015-04-21,27.66,27.88,27.92,22172000.0
2015-04-20,27.46,27.6,27.72,19901000.0
2015-04-17,27.1,27.36,27.42,18157100.0
2015-04-16,27.24,27.35,27.52,16393500.0
2015-04-15,27.34,27.51,27.78,20138900.0
2015-04-14,27.08,27.07,27.24,16671900.0
2015-04-13,27.36,27.23,27.49,13636800.0
2015-04-10,27.15,27.36,27.51,19698700.0
2015-04-09,26.43,27.17,27.21,18660000.0
2015-04-08,25.96,26.49,26.71,22105800.0
2015-04-07,26.71,26.24,26.81,17820600.0
2015-04-06,25.88,26.79,26.81,22460900.0
2015-04-02,27.1,26.1,27.11,41390500.0
2015-04-01,26.49,26.49,26.71,39424700.0
2015-03-31,26.08,26.49,26.67,25292100.0
2015-03-30,26.1,26.05,26.33,26142900.0
2015-03-27,26.3,26.05,26.5,30909000.0
2015-03-26,25.15,26.03,26.53,44702400.0
2015-03-25,27.21,25.95,27.22,35874000.0
2015-03-24,27.45,27.3,27.68,15670800.0
2015-03-23,27.8,27.36,27.84,18699400.0
2015-03-20,27.66,28.01,28.08,23608200.0
2015-03-19,27.44,27.39,27.57,21656600.0
2015-03-18,27.35,27.5,27.68,24544800.0
2015-03-17,27.08,27.01,27.32,24932400.0
2015-03-16,28.29,27.84,28.57,18183900.0
2015-03-13,27.31,28.05,28.09,23678700.0
2015-03-12,26.47,27.36,27.71,19567700.0
2015-03-11,27.27,27.23,27.52,17471600.0
2015-03-10,27.44,26.96,27.66,29749000.0
2015-03-09,27.87,27.99,28.1,17563000.0
2015-03-06,28.53,27.83,28.58,28302000.0
2015-03-05,28.76,28.59,29.14,24007700.0
2015-03-04,29.02,28.58,29.06,26709000.0
2015-03-03,29.67,28.96,29.97,28945700.0
2015-03-02,30.35,30.51,30.76,18443200.0
2015-02-27,30.24,29.95,30.48,15651200.0
2015-02-26,29.82,29.9,30.24,14932000.0
2015-02-25,29.88,29.76,30.19,16774700.0
2015-02-24,29.43,30.05,30.22,54985000.0
2015-02-23,31.11,30.66,31.16,13867900.0
2015-02-20,31.0,31.28,31.3,16531500.0
2015-02-19,31.37,31.06,31.44,13431000.0
2015-02-18,31.5,31.42,31.74,12348400.0
2015-02-17,31.55,31.57,32.07,19877400.0
2015-02-13,31.45,31.1,31.64,18739200.0
2015-02-12,30.33,31.19,31.3,23793200.0
2015-02-11,30.36,30.29,30.84,29782200.0
2015-02-10,28.42,30.36,30.41,43831000.0
2015-02-09,28.09,27.68,28.09,22390300.0
2015-02-06,28.85,28.23,29.2,18744100.0
2015-02-05,28.61,28.8,28.83,19785900.0
2015-02-04,28.13,28.35,28.55,20932800.0
2015-02-03,27.9,28.27,28.41,24009200.0
2015-02-02,28.56,27.77,28.7,34019600.0
2015-01-30,28.71,28.58,29.1,23451600.0
2015-01-29,28.6,29.01,29.13,30282700.0
2015-01-28,29.3,28.42,29.48,21685200.0
2015-01-27,29.72,28.95,29.74,27587900.0
2015-01-26,29.82,30.29,30.29,19175500.0
2015-01-23,30.17,30.22,30.4,21161800.0
2015-01-22,29.74,30.17,30.22,22299200.0
2015-01-21,28.81,29.77,30.02,27258700.0
2015-01-20,28.82,28.97,29.32,29884200.0
2015-01-16,28.47,28.31,28.57,58433300.0
2015-01-15,29.54,28.61,29.71,28512400.0
2015-01-14,29.56,29.34,30.47,35766100.0
2015-01-13,31.17,30.12,31.44,40260500.0
2015-01-12,31.63,30.92,32.22,41982700.0
2015-01-09,32.97,32.74,33.08,19328500.0
2015-01-08,31.8,32.88,33.08,31947100.0
2015-01-07,30.79,31.35,32.21,52552300.0
2015-01-06,33.3,32.1,33.43,40092000.0
2015-01-05,33.9,32.99,33.93,23706600.0
2015-01-02,34.41,33.94,34.69,15138200.0
2014-12-31,34.62,34.19,34.7,10714300.0
2014-12-30,34.6,34.57,34.9,11480500.0
2014-12-29,34.44,34.7,34.85,12365800.0
2014-12-26,34.21,34.18,34.4,6883700.0
2014-12-24,34.21,34.09,34.28,4672900.0
2014-12-23,34.1,34.15,34.37,10949000.0
2014-12-22,33.94,33.83,34.18,12687900.0
2014-12-19,33.78,33.68,33.98,18469600.0
2014-12-18,33.81,33.64,33.97,18200600.0
2014-12-17,32.3,33.04,33.11,19434600.0
2014-12-16,32.13,32.15,33.12,28611600.0
2014-12-15,33.54,32.57,33.64,27305700.0
2014-12-12,34.1,33.2,34.11,19798900.0
2014-12-11,34.34,34.37,34.98,13261400.0
2014-12-10,34.61,34.04,34.81,17037900.0
2014-12-09,34.03,34.82,34.87,16503500.0
2014-12-08,35.61,35.18,35.73,15815300.0
2014-12-05,35.24,35.63,35.64,14114800.0
2014-12-04,35.19,35.22,35.64,16477600.0
2014-12-03,35.06,35.25,35.5,29011500.0
2014-12-02,34.23,34.77,34.93,14281500.0
2014-12-01,35.14,34.17,35.29,21342300.0
2014-11-28,35.0,35.11,35.37,11645700.0
2014-11-26,33.82,34.79,34.83,18288100.0
2014-11-25,33.95,33.98,34.16,13985200.0
2014-11-24,33.6,33.92,34.42,24974400.0
2014-11-21,32.92,33.5,33.58,25563100.0
2014-11-20,31.96,32.43,32.69,13613300.0
2014-11-19,32.16,32.19,32.44,14590200.0
2014-11-18,31.54,32.1,32.37,15538900.0
2014-11-17,31.15,31.53,31.65,18259300.0
2014-11-14,32.17,31.86,32.17,17434600.0
2014-11-13,32.21,32.17,32.43,10851300.0
2014-11-12,32.28,32.14,32.39,14322400.0
2014-11-11,32.21,32.42,32.6,11285000.0
2014-11-10,32.16,32.31,32.33,13827300.0
2014-11-07,32.53,32.24,32.6,19337500.0
2014-11-06,32.71,32.57,33.0,23576600.0
2014-11-05,32.72,32.92,32.97,23137200.0
2014-11-04,32.69,32.59,32.8,16503900.0
2014-11-03,32.41,32.72,33.11,19655500.0
2014-10-31,32.13,32.31,32.57,28541400.0
2014-10-30,31.01,31.07,31.33,26761000.0
2014-10-29,31.74,31.52,31.88,21418700.0
2014-10-28,31.75,31.85,31.9,20981000.0
2014-10-27,31.21,31.54,31.62,26775900.0
2014-10-24,30.25,30.33,30.39,17761300.0
2014-10-23,30.31,30.17,30.63,22071100.0
2014-10-22,30.78,29.85,30.81,25500600.0
2014-10-21,29.69,30.46,30.6,40875100.0
2014-10-20,28.43,28.99,29.03,22357800.0
2014-10-17,28.23,28.09,29.03,34712800.0
2014-10-16,26.69,27.64,28.18,42111600.0
2014-10-15,26.17,26.89,28.22,50523300.0
2014-10-14,27.14,26.75,27.74,41365600.0
2014-10-13,27.92,26.4,28.18,44360600.0
2014-10-10,29.05,27.14,29.17,85752700.0
2014-10-09,31.37,29.92,31.43,35910800.0
2014-10-08,31.15,31.56,31.64,28069300.0
2014-10-07,31.65,31.12,32.1,28827000.0
2014-10-06,32.41,31.81,32.51,43417100.0
2014-10-03,33.28,33.14,33.59,22565400.0
2014-10-02,32.86,33.02,33.28,27337000.0
2014-10-01,33.45,32.71,33.45,36237600.0
2014-09-30,33.82,33.46,33.92,25768900.0
2014-09-29,32.64,33.69,34.03,33981900.0
2014-09-26,33.17,33.04,33.3,53975000.0
2014-09-25,31.65,30.96,31.8,36427700.0
2014-09-24,31.05,31.46,31.59,25781300.0
2014-09-23,29.79,30.47,30.75,22704300.0
2014-09-22,30.69,29.88,30.7,21713800.0
2014-09-19,31.72,30.89,31.79,25223300.0
2014-09-18,31.48,31.72,31.72,12485100.0
2014-09-17,30.73,31.23,31.51,19493200.0
2014-09-16,29.38,30.71,30.84,28739800.0
2014-09-15,30.66,29.32,30.78,37018500.0
2014-09-12,31.26,30.79,31.4,12561500.0
2014-09-11,31.1,31.29,31.44,11371100.0
2014-09-10,31.4,31.34,31.44,24643500.0
2014-09-09,32.24,31.23,32.25,20209400.0
2014-09-08,32.22,32.36,32.63,17933300.0
2014-09-05,31.35,32.17,32.18,17772600.0
2014-09-04,31.2,31.37,32.06,24800000.0
2014-09-03,30.7,30.94,30.95,23928200.0
2014-09-02,31.67,30.77,31.84,26980200.0
2014-08-29,32.18,31.84,32.22,13519100.0
2014-08-28,32.04,32.04,32.13,10890300.0
2014-08-27,32.06,32.22,32.28,12208200.0
2014-08-26,32.49,32.11,32.65,16075500.0
2014-08-25,32.72,32.43,32.91,12700600.0
2014-08-22,32.42,32.51,32.67,11758400.0
2014-08-21,32.27,32.41,32.54,16583200.0
2014-08-20,31.62,32.52,32.61,21265400.0
2014-08-19,31.54,31.64,31.93,15020300.0
2014-08-18,30.95,31.29,31.34,17508600.0
2014-08-15,30.66,30.75,30.99,20560700.0
2014-08-14,30.15,30.31,30.51,16873700.0
2014-08-13,30.17,30.64,30.84,17832900.0
2014-08-12,29.84,29.98,30.21,21496400.0
2014-08-11,29.61,30.02,30.12,20600100.0
2014-08-08,29.15,29.34,29.54,22893300.0
2014-08-07,30.18,28.98,30.46,35983600.0
2014-08-06,30.33,29.96,30.45,34903400.0
2014-08-05,30.62,30.36,31.35,31699300.0
2014-08-04,30.48,30.95,31.11,21821600.0
2014-08-01,30.16,30.36,30.63,26175300.0
2014-07-31,30.44,29.83,30.52,64996200.0
2014-07-30,31.62,31.77,31.97,16001600.0
2014-07-29,31.39,31.38,31.75,19377500.0
2014-07-28,32.56,31.23,32.68,34203200.0
2014-07-25,32.9,32.64,33.03,19655100.0
2014-07-24,33.08,33.09,33.48,22684000.0
2014-07-23,32.76,32.89,32.99,20897100.0
2014-07-22,32.57,32.84,32.9,14366200.0
2014-07-21,32.23,32.29,32.57,15789100.0
2014-07-18,32.4,32.37,32.96,28525600.0
2014-07-17,33.04,32.28,33.2,36943500.0
2014-07-16,33.61,33.83,34.03,30731700.0
2014-07-15,32.93,33.22,33.36,27186500.0
2014-07-14,32.35,32.8,32.94,20349500.0
2014-07-11,32.07,32.03,32.39,18868300.0
2014-07-10,31.43,32.0,32.32,32916800.0
2014-07-09,31.83,32.12,32.17,39287700.0
2014-07-08,32.03,32.35,32.49,34637500.0
2014-07-07,32.82,32.09,32.86,21383200.0
2014-07-03,33.29,32.94,33.48,13883900.0
2014-07-02,33.2,32.97,33.47,26620500.0
2014-07-01,32.46,33.18,33.69,36348500.0
2014-06-30,31.31,32.18,32.28,31032300.0
2014-06-27,31.13,30.77,31.18,46770900.0
2014-06-26,31.55,31.25,31.64,20353300.0
2014-06-25,31.59,31.58,31.97,29796700.0
2014-06-24,30.77,31.74,32.2,59689500.0
2014-06-23,31.53,30.53,31.54,48594600.0
2014-06-20,31.13,31.1,31.18,28266500.0
2014-06-19,31.34,31.06,31.42,22402300.0
2014-06-18,31.62,31.31,31.67,30089900.0
2014-06-17,31.25,31.49,31.64,25195500.0
2014-06-16,30.69,31.16,31.44,35496500.0
2014-06-13,30.41,30.44,30.73,23275600.0
2014-06-12,30.34,30.14,30.49,28152900.0
2014-06-11,29.93,30.26,30.86,55472400.0
2014-06-10,28.32,28.82,28.85,24108900.0
2014-06-09,28.8,28.32,29.02,20635300.0
2014-06-06,28.47,28.85,28.86,18319800.0
2014-06-05,28.41,28.36,28.79,21878500.0
2014-06-04,27.91,28.29,28.33,14377400.0
2014-06-03,27.89,28.0,28.25,14002300.0
2014-06-02,27.94,27.99,28.05,14522600.0
2014-05-30,27.96,27.92,28.22,24068700.0
2014-05-29,28.11,27.91,28.35,23288800.0
2014-05-28,27.64,27.94,28.24,25382300.0
2014-05-27,26.88,27.4,27.45,23525400.0
2014-05-23,26.54,26.69,26.76,12406800.0
2014-05-22,26.4,26.53,26.75,14936600.0
2014-05-21,26.3,26.36,26.57,19021300.0
2014-05-20,26.34,25.93,26.52,21830400.0
2014-05-19,25.75,26.31,26.37,21930500.0
2014-05-16,25.23,25.42,25.73,19890900.0
2014-05-15,26.18,25.25,26.26,41523500.0
2014-05-14,26.88,26.23,27.01,28161200.0
2014-05-13,26.85,26.98,27.13,29540000.0
2014-05-12,26.4,26.86,26.89,22396900.0
2014-05-09,26.32,26.21,26.42,20679100.0
2014-05-08,25.72,26.3,26.76,27015400.0
2014-05-07,26.06,25.8,26.24,24487200.0
2014-05-06,26.2,26.05,26.54,23078300.0
2014-05-05,25.63,26.11,26.21,21120800.0
2014-05-02,25.64,25.69,26.01,18326000.0
2014-05-01,25.59,25.63,26.19,28231400.0
2014-04-30,24.58,25.51,25.51,28811800.0
2014-04-29,24.17,24.51,24.71,19746700.0
2014-04-28,24.83,24.0,25.13,32168000.0
2014-04-25,25.0,24.67,25.08,26022500.0
2014-04-24,25.83,25.55,25.99,39791400.0
2014-04-23,25.57,25.63,25.84,32508700.0
2014-04-22,24.91,25.57,25.66,45903400.0
2014-04-21,24.45,24.73,24.79,45434800.0
2014-04-17,22.57,23.35,23.57,46206900.0
2014-04-16,21.83,21.95,22.04,21619500.0
2014-04-15,21.4,21.65,21.72,25067600.0
2014-04-14,20.86,21.38,21.62,31740100.0
2014-04-11,20.98,20.63,21.41,35232600.0
2014-04-10,22.17,21.17,22.41,37066500.0
2014-04-09,22.05,22.07,22.3,31636000.0
2014-04-08,21.54,21.69,21.9,44299000.0
2014-04-07,21.99,21.2,22.44,63603900.0
2014-04-04,24.21,22.05,24.27,77296000.0
2014-04-03,23.98,23.44,24.15,40670000.0
2014-04-02,23.99,23.78,24.02,24486300.0
2014-04-01,23.28,23.87,23.89,36880800.0
2014-03-31,21.78,23.1,23.12,39630300.0
2014-03-28,21.47,21.39,22.01,37763700.0
2014-03-27,22.27,21.72,22.29,35985000.0
2014-03-26,23.07,22.29,23.33,24590700.0
2014-03-25,23.08,22.98,23.36,17054900.0
2014-03-24,23.25,22.93,23.53,23740900.0
2014-03-21,23.54,23.1,23.69,32238500.0
2014-03-20,23.37,23.45,23.79,19735500.0
2014-03-19,23.89,23.42,24.04,19799500.0
2014-03-18,23.47,23.91,24.02,27425600.0
2014-03-17,23.54,23.37,23.6,17778700.0
2014-03-14,23.5,23.4,23.75,24575000.0
2014-03-13,24.32,23.54,24.35,35572900.0
2014-03-12,24.02,24.26,24.35,19272800.0
2014-03-11,24.34,24.09,24.48,21103100.0
2014-03-10,23.75,24.27,24.35,23662500.0
2014-03-07,24.24,23.85,24.31,23827000.0
2014-03-06,24.27,24.19,24.29,32312100.0
2014-03-05,24.49,24.25,24.54,25938700.0
2014-03-04,24.29,24.52,24.56,32780000.0
2014-03-03,23.3,23.9,24.19,35961800.0
2014-02-28,23.66,23.62,23.79,33877300.0
2014-02-27,23.58,23.62,23.77,39242800.0
2014-02-26,23.74,23.65,24.15,20936900.0
2014-02-25,24.22,23.69,24.41,37147600.0
2014-02-24,24.56,24.17,24.63,33037900.0
2014-02-21,24.97,24.49,24.99,44791800.0
2014-02-20,24.75,24.89,25.06,23288000.0
2014-02-19,24.82,24.82,25.08,27239800.0
2014-02-18,24.6,24.82,25.06,34133700.0
2014-02-14,24.31,24.49,24.71,32449600.0
2014-02-13,24.26,24.32,24.42,23317000.0
2014-02-12,24.32,24.31,24.57,23915300.0
2014-02-11,24.27,24.13,24.48,21177200.0
2014-02-10,24.06,24.29,24.65,28374800.0
2014-02-07,23.8,23.93,24.06,47809700.0
2014-02-06,22.96,23.54,24.19,65314700.0
2014-02-05,22.41,22.76,22.93,26097800.0
2014-02-04,22.41,22.46,22.63,20104700.0
2014-02-03,22.46,22.27,23.07,36010100.0
2014-01-31,22.56,22.5,22.95,29539000.0
2014-01-30,22.57,22.9,23.2,32630000.0
2014-01-29,22.3,22.18,22.72,21718400.0
2014-01-28,22.35,22.51,22.65,27555900.0
2014-01-27,22.56,22.36,22.82,30006400.0
2014-01-24,22.95,22.38,23.09,30019100.0
2014-01-23,22.76,23.08,23.09,29418600.0
2014-01-22,22.26,23.09,23.23,31254300.0
2014-01-21,21.87,22.58,22.63,29508700.0
2014-01-17,22.36,21.85,22.73,46943200.0
2014-01-16,22.93,22.59,23.04,28888700.0
2014-01-15,23.16,22.78,23.2,26949000.0
2014-01-14,22.33,23.11,23.23,33092200.0
2014-01-13,23.14,22.78,23.24,27619700.0
2014-01-10,22.84,23.15,23.16,33930200.0
2014-01-09,23.05,22.69,23.15,42782900.0
2014-01-08,23.63,23.31,23.92,93499500.0
2014-01-07,20.4,21.22,21.42,67904500.0
2014-01-06,20.48,20.18,20.48,38180500.0
2014-01-03,20.7,20.48,20.93,34590200.0
2014-01-02,21.17,21.15,21.28,26413500.0
2013-12-31,20.91,21.24,21.41,25122400.0
2013-12-30,20.95,20.8,21.17,19267100.0
2013-12-27,21.41,21.01,21.47,19386300.0
2013-12-26,21.32,21.23,21.73,17095500.0
2013-12-24,21.12,21.31,21.38,12857500.0
2013-12-23,20.94,20.98,21.16,40831000.0
2013-12-20,21.29,21.65,22.05,49176400.0
2013-12-19,21.22,21.11,21.76,37767000.0
2013-12-18,21.96,21.3,21.96,106635200.0
2013-12-17,22.31,22.38,22.44,26694900.0
2013-12-16,22.63,22.23,22.87,35065800.0
2013-12-13,22.2,22.54,22.65,31018700.0
2013-12-12,22.15,22.01,22.55,52600200.0
2013-12-11,21.94,21.97,22.37,52447500.0
2013-12-10,22.58,22.6,22.89,41919500.0
2013-12-09,22.13,22.58,23.11,65756700.0
2013-12-06,21.45,21.79,21.79,32237800.0
2013-12-05,21.35,21.14,21.57,30302800.0
2013-12-04,21.17,21.25,21.41,34609000.0
2013-12-03,20.94,21.32,21.38,43553100.0
2013-12-02,20.6,20.77,21.13,34102800.0
2013-11-29,20.8,20.6,20.81,20081800.0
2013-11-27,19.93,20.67,20.69,40572700.0
2013-11-26,19.46,19.83,19.93,33585000.0
2013-11-25,19.96,19.39,20.02,33866000.0
2013-11-22,19.44,19.71,19.84,40144800.0
2013-11-21,18.59,19.52,19.64,93347300.0
2013-11-20,18.74,18.36,18.77,44809000.0
2013-11-19,18.89,18.61,19.4,51853700.0
2013-11-18,19.12,18.84,19.41,47549900.0
2013-11-15,18.92,19.0,19.36,51592800.0
2013-11-14,18.46,18.74,18.75,31418000.0
2013-11-13,18.03,18.47,18.54,38821200.0
2013-11-12,17.74,18.19,18.23,32224800.0
2013-11-11,17.61,17.84,17.85,36990400.0
2013-11-08,17.28,17.68,17.69,33201300.0
2013-11-07,17.41,17.3,17.73,54192000.0
2013-11-06,17.35,17.09,17.4,21799500.0
2013-11-05,17.32,17.25,17.37,23797000.0
2013-11-04,17.2,17.47,17.57,37798300.0
2013-11-01,17.33,17.17,17.49,41364500.0
2013-10-31,16.87,17.26,17.38,42547400.0
2013-10-30,17.19,16.98,17.22,32373200.0
2013-10-29,16.62,17.09,17.09,51381400.0
2013-10-28,16.13,16.33,16.35,19926900.0
2013-10-25,16.52,16.19,16.59,28678300.0
2013-10-24,16.04,16.43,16.52,30291300.0
2013-10-23,16.1,16.16,16.2,39244600.0
2013-10-22,16.31,16.36,16.54,48362800.0
2013-10-21,16.63,16.18,16.74,44886200.0
2013-10-18,16.76,16.63,16.84,34970600.0
2013-10-17,16.6,16.75,16.76,40714800.0
2013-10-16,16.68,16.56,16.89,49096400.0
2013-10-15,16.68,16.52,17.02,63043900.0
2013-10-14,16.18,16.67,16.75,62909500.0
2013-10-11,17.47,16.44,17.59,153906100.0
2013-10-10,17.93,18.0,18.15,78690500.0
2013-10-09,17.6,17.72,18.02,67714300.0
2013-10-08,18.16,17.51,18.21,57008600.0
2013-10-07,18.33,18.05,18.41,61970900.0
2013-10-04,17.65,18.03,18.11,48080600.0
2013-10-03,17.52,17.6,17.67,59041700.0
2013-10-02,17.23,17.24,17.7,49128100.0
2013-10-01,17.13,17.19,17.33,32979500.0
2013-09-30,16.91,17.06,17.22,30082400.0
2013-09-27,17.06,17.2,17.53,45015600.0
2013-09-26,16.91,17.06,17.12,49153400.0
2013-09-25,16.66,16.57,16.92,44413400.0
2013-09-24,16.73,16.64,16.76,34793100.0
2013-09-23,16.82,16.65,16.94,30442400.0
2013-09-20,16.83,16.82,17.08,30036800.0
2013-09-19,17.1,16.76,17.18,43702900.0
2013-09-18,16.48,16.86,16.89,43515600.0
2013-09-17,16.08,16.44,16.46,32439700.0
2013-09-16,16.15,16.05,16.3,35709000.0
2013-09-13,15.62,15.82,15.86,55788100.0
2013-09-12,16.13,15.82,16.45,55883900.0
2013-09-11,15.92,16.1,16.21,48497900.0
2013-09-10,15.52,15.88,16.26,80821300.0
2013-09-09,15.04,15.25,15.32,32745800.0
2013-09-06,14.88,14.9,15.0,38111000.0
2013-09-05,14.6,14.81,14.85,38713900.0
2013-09-04,14.62,14.4,14.91,117540600.0
2013-09-03,13.45,13.68,13.82,37060500.0
2013-08-30,13.27,13.25,13.36,22278600.0
2013-08-29,12.92,13.25,13.41,23787700.0
2013-08-28,12.87,12.93,13.03,36138600.0
2013-08-27,13.24,12.87,13.27,39898700.0
2013-08-26,13.57,13.45,13.59,16331500.0
2013-08-23,13.58,13.53,13.6,15663000.0
2013-08-22,13.42,13.53,13.75,15091700.0
2013-08-21,13.48,13.31,13.57,29709100.0
2013-08-20,13.48,13.47,13.58,24379600.0
2013-08-19,13.67,13.47,13.7,25506900.0
2013-08-16,13.83,13.68,14.01,30624000.0
2013-08-15,14.07,13.8,14.07,53528900.0
2013-08-14,14.47,14.47,14.71,47850600.0
2013-08-13,13.81,14.62,14.63,84457700.0
2013-08-12,13.62,13.5,13.83,35376800.0
2013-08-09,13.42,13.66,14.18,64619700.0
2013-08-08,13.48,13.62,13.72,39511800.0
2013-08-07,13.67,13.48,13.71,34736800.0
2013-08-06,13.83,13.81,13.9,29094900.0
2013-08-05,13.19,13.83,13.84,43741000.0
2013-08-02,13.18,13.18,13.28,26500600.0
2013-08-01,13.06,13.25,13.31,32858900.0
2013-07-31,12.37,12.93,12.98,45062600.0
2013-07-30,12.2,12.3,12.39,48759000.0
2013-07-29,12.37,12.17,12.57,40786800.0
2013-07-26,12.75,12.29,12.79,68782400.0
2013-07-25,12.64,12.98,13.11,42692600.0
2013-07-24,13.47,12.8,13.5,46712000.0
2013-07-23,13.56,13.32,13.73,38691100.0
2013-07-22,13.3,13.5,13.58,24337500.0
2013-07-19,13.35,13.41,13.41,27734400.0
2013-07-18,13.46,13.37,13.53,38727500.0
2013-07-17,13.13,13.27,13.4,32539300.0
2013-07-16,12.85,13.06,13.09,42885300.0
2013-07-15,12.46,12.76,12.88,30926300.0
2013-07-12,12.44,12.39,12.55,33419400.0
2013-07-11,12.57,12.4,12.57,52215600.0
2013-07-10,12.62,12.25,12.93,89592900.0
2013-07-09,13.75,12.83,13.81,91816900.0
2013-07-08,14.02,13.7,14.02,53084600.0
2013-07-05,13.93,13.97,14.03,29746900.0
2013-07-03,13.95,13.81,13.95,24489300.0
2013-07-02,13.7,13.97,13.99,61198800.0
2013-07-01,14.13,13.93,14.25,33909600.0
2013-06-28,13.96,13.99,14.13,36612300.0
2013-06-27,13.96,14.0,14.19,38747100.0
2013-06-26,13.56,13.84,13.97,44886100.0
2013-06-25,13.41,13.42,13.49,32876400.0
2013-06-24,13.48,13.14,13.54,68189200.0
2013-06-21,13.52,13.57,13.72,73389200.0
2013-06-20,13.16,13.22,13.48,75247900.0
2013-06-19,13.49,13.64,13.78,83958500.0
2013-06-18,13.02,13.42,13.43,57594500.0
2013-06-17,12.85,12.93,13.18,50588300.0
2013-06-14,12.77,12.46,12.85,29740300.0
2013-06-13,12.23,12.6,12.61,30212000.0
2013-06-12,12.67,12.19,12.81,34199300.0
2013-06-11,12.57,12.51,12.89,49707600.0
2013-06-10,12.34,12.64,12.77,40488200.0
2013-06-07,12.26,12.35,12.42,32419000.0
2013-06-06,11.89,12.06,12.24,47860200.0
2013-06-05,11.41,11.73,11.85,40890700.0
2013-06-04,11.45,11.43,11.72,26370500.0
2013-06-03,11.46,11.45,11.71,26382900.0
2013-05-31,11.55,11.4,11.63,23852400.0
2013-05-30,11.53,11.61,11.71,25785400.0
2013-05-29,11.41,11.55,11.64,25205300.0
2013-05-28,11.46,11.5,11.6,25633800.0
2013-05-24,11.03,11.31,11.38,28601200.0
2013-05-23,10.48,11.12,11.22,57163600.0
2013-05-22,10.96,10.66,11.4,51844400.0
2013-05-21,10.94,10.96,11.05,18960900.0
2013-05-20,11.04,10.94,11.13,24658400.0
2013-05-17,10.89,11.04,11.15,30543500.0
2013-05-16,10.67,10.8,10.99,35917300.0
2013-05-15,10.43,10.61,10.74,25065200.0
2013-05-14,10.45,10.4,10.46,20576300.0
2013-05-13,10.49,10.41,10.55,22562900.0
2013-05-10,10.35,10.56,10.64,35312700.0
2013-05-09,9.98,10.46,10.49,46665700.0
2013-05-08,9.68,10.0,10.02,37045600.0
2013-05-07,9.57,9.73,9.74,26888100.0
2013-05-06,9.5,9.53,9.7,21108200.0
2013-05-03,9.22,9.4,9.47,23335200.0
2013-05-02,8.88,9.1,9.14,26660200.0
2013-05-01,9.2,8.98,9.24,29159700.0
2013-04-30,9.19,9.2,9.23,27791600.0
2013-04-29,9.25,9.13,9.27,17186600.0
2013-04-26,9.27,9.21,9.5,20556000.0
2013-04-25,9.14,9.3,9.41,28185700.0
2013-04-24,9.18,9.2,9.27,21298900.0
2013-04-23,9.18,9.2,9.26,24320300.0
2013-04-22,9.14,9.09,9.21,25020600.0
2013-04-19,9.04,9.13,9.24,32770600.0
2013-04-18,9.3,9.01,9.35,34728800.0
2013-04-17,9.51,9.17,9.53,37553400.0
2013-04-16,9.55,9.64,9.65,28029600.0
2013-04-15,9.69,9.33,9.72,28377200.0
2013-04-12,9.68,9.77,9.85,19487800.0
2013-04-11,9.67,9.74,9.91,28744300.0
2013-04-10,9.41,9.85,9.98,49796900.0
2013-04-09,9.22,9.34,9.44,21306900.0
2013-04-08,9.07,9.17,9.19,27065000.0
2013-04-05,8.93,9.09,9.36,41684200.0
2013-04-04,8.87,9.09,9.11,30485200.0
2013-04-03,9.13,8.88,9.22,31012800.0
2013-04-02,9.28,9.08,9.48,36023200.0
2013-04-01,9.73,9.16,9.74,44911900.0
2013-03-28,9.77,9.74,9.79,21787500.0
2013-03-27,9.53,9.72,9.8,27592700.0
2013-03-26,9.68,9.68,9.86,29906700.0
2013-03-25,9.77,9.64,9.89,39368000.0
2013-03-22,9.52,9.8,10.03,99807600.0
2013-03-21,9.13,8.85,9.15,39419600.0
2013-03-20,9.11,9.09,9.25,31547600.0
2013-03-19,9.05,9.02,9.19,26663100.0
2013-03-18,8.83,8.96,9.1,28917300.0
2013-03-15,9.51,9.15,9.52,43397000.0
2013-03-14,9.39,9.46,9.51,25192800.0
2013-03-13,9.13,9.28,9.43,41491000.0
2013-03-12,9.14,9.1,9.22,35260600.0
2013-03-11,8.93,9.13,9.18,43535800.0
2013-03-08,8.81,8.98,9.02,34822800.0
2013-03-07,8.56,8.73,8.74,26147300.0
2013-03-06,8.61,8.44,8.67,19929100.0
2013-03-05,8.35,8.52,8.58,36701000.0
2013-03-04,8.03,8.2,8.34,40980800.0
2013-03-01,8.12,8.05,8.16,19215200.0
2013-02-28,8.03,8.18,8.3,44039800.0
2013-02-27,7.78,7.98,8.03,21590500.0
2013-02-26,7.79,7.77,7.89,25972800.0
2013-02-25,7.93,7.74,8.02,36297900.0
2013-02-22,7.57,7.83,7.84,28722100.0
2013-02-21,7.63,7.5,7.69,37865800.0
2013-02-20,8.0,7.69,8.05,32447700.0
2013-02-19,7.71,7.93,7.93,24703800.0
2013-02-15,7.92,7.72,8.02,40145400.0
2013-02-14,7.71,7.89,7.9,24535600.0
2013-02-13,7.76,7.76,7.79,15371200.0
2013-02-12,7.72,7.73,7.79,19868600.0
2013-02-11,7.57,7.72,7.76,20221800.0
2013-02-08,7.59,7.56,7.62,24731700.0
2013-02-07,7.79,7.54,7.85,58974800.0
2013-02-06,7.52,7.76,7.87,46545300.0
2013-02-05,7.63,7.68,7.74,21156900.0
2013-02-04,7.61,7.57,7.82,27028200.0
2013-02-01,7.47,7.64,7.65,18710800.0
2013-01-31,7.46,7.38,7.52,25680800.0
2013-01-30,7.4,7.47,7.54,21175000.0
2013-01-29,7.62,7.4,7.63,35140300.0
2013-01-28,7.7,7.63,7.8,20638000.0
2013-01-25,7.7,7.68,7.89,30082500.0
2013-01-24,7.54,7.64,7.7,18816000.0
2013-01-23,7.69,7.59,7.71,23846100.0
2013-01-22,7.65,7.65,7.74,23287200.0
2013-01-18,7.62,7.7,7.8,33156900.0
2013-01-17,7.52,7.62,7.68,28642800.0
2013-01-16,7.45,7.49,7.56,18978000.0
2013-01-15,7.36,7.42,7.44,20793800.0
2013-01-14,7.32,7.42,7.51,31488200.0
2013-01-11,7.21,7.36,7.38,25837200.0
2013-01-10,7.19,7.24,7.26,18685600.0
2013-01-09,7.08,7.13,7.2,20647500.0
2013-01-08,6.97,7.06,7.12,30791800.0
2013-01-07,6.89,7.01,7.11,31133300.0
2013-01-04,6.78,6.79,6.79,18802700.0
2013-01-03,6.48,6.73,6.8,39091500.0
2013-01-02,6.44,6.47,6.51,29556500.0
2012-12-31,5.99,6.19,6.21,18787600.0
2012-12-28,6.01,5.98,6.13,15127400.0
2012-12-27,6.03,6.07,6.11,18455400.0
2012-12-26,6.08,6.03,6.19,10342300.0
2012-12-24,6.23,6.08,6.23,6840000.0
2012-12-21,6.32,6.17,6.33,58144400.0
2012-12-20,6.68,6.63,6.7,19997000.0
2012-12-19,6.55,6.66,6.7,25576000.0
2012-12-18,6.46,6.54,6.55,28810700.0
2012-12-17,6.69,6.45,6.73,34772400.0
2012-12-14,6.58,6.69,6.72,23368900.0
2012-12-13,6.58,6.5,6.64,24047400.0
2012-12-12,6.7,6.55,6.7,28353700.0
2012-12-11,6.54,6.61,6.68,24442700.0
2012-12-10,6.29,6.51,6.57,32458100.0
2012-12-07,6.27,6.28,6.35,22046900.0
2012-12-06,6.0,6.26,6.27,30376200.0
2012-12-05,5.9,6.03,6.05,18644200.0
2012-12-04,5.86,5.89,5.9,20645500.0
2012-12-03,5.87,5.79,5.88,15082300.0
2012-11-30,5.74,5.83,5.84,20270200.0
2012-11-29,5.66,5.77,5.78,25011800.0
2012-11-28,5.48,5.63,5.65,24166600.0
2012-11-27,5.57,5.54,5.64,34241300.0
2012-11-26,5.54,5.56,5.65,29431300.0
2012-11-23,5.44,5.54,5.57,13674700.0
2012-11-21,5.4,5.39,5.43,17426100.0
2012-11-20,5.35,5.43,5.45,17348700.0
2012-11-19,5.43,5.41,5.53,28105900.0
2012-11-16,5.35,5.34,5.39,25895300.0
2012-11-15,5.5,5.34,5.5,19620000.0
2012-11-14,5.65,5.43,5.68,21264400.0
2012-11-13,5.34,5.6,5.67,29127300.0
2012-11-12,5.49,5.44,5.55,19265200.0
2012-11-09,5.55,5.48,5.66,22103800.0
2012-11-08,5.73,5.55,5.79,30618500.0
2012-11-07,5.8,5.77,5.87,39729900.0
2012-11-06,5.74,5.94,5.94,46489800.0
2012-11-05,5.56,5.7,5.74,20052000.0
2012-11-02,5.68,5.57,5.73,24445700.0
2012-11-01,5.39,5.65,5.66,20757200.0
2012-10-31,5.41,5.3,5.51,18546200.0
2012-10-26,5.46,5.34,5.55,28145300.0
2012-10-25,5.07,5.55,5.57,46181100.0
2012-10-24,5.34,5.04,5.37,35474400.0
2012-10-23,5.22,5.28,5.36,36240300.0
2012-10-22,5.33,5.31,5.34,26365300.0
2012-10-19,5.62,5.32,5.63,23348000.0
2012-10-18,5.64,5.51,5.68,16866700.0
2012-10-17,5.61,5.64,5.71,16544400.0
2012-10-16,5.58,5.64,5.66,16460300.0
2012-10-15,5.62,5.58,5.62,15011600.0
2012-10-12,5.62,5.53,5.66,20027100.0
2012-10-11,5.63,5.61,5.65,23649500.0
2012-10-10,5.65,5.62,5.66,16794300.0
2012-10-09,5.69,5.62,5.72,16388700.0
2012-10-08,5.69,5.71,5.76,11144500.0
2012-10-05,5.77,5.75,5.88,17263600.0
2012-10-04,5.7,5.74,5.75,14778900.0
2012-10-03,5.74,5.7,5.76,14783500.0
2012-10-02,5.67,5.7,5.71,20219900.0
2012-10-01,5.92,5.63,5.95,40669400.0
2012-09-28,5.9,5.84,6.09,41019800.0
2012-09-27,5.86,5.87,5.92,38639200.0
2012-09-26,5.95,5.8,5.95,33656700.0
2012-09-25,6.2,5.96,6.21,36271200.0
2012-09-24,6.1,6.11,6.11,38107000.0
2012-09-21,6.34,6.21,6.36,26892900.0
2012-09-20,6.42,6.29,6.44,37495900.0
2012-09-19,6.39,6.49,6.56,24783700.0
2012-09-18,6.38,6.32,6.41,18295100.0
2012-09-17,6.53,6.41,6.58,20437100.0
2012-09-14,6.48,6.54,6.64,20525400.0
2012-09-13,6.31,6.44,6.5,30512400.0
2012-09-12,6.23,6.31,6.32,16725000.0
2012-09-11,6.28,6.21,6.32,29081200.0
2012-09-10,6.27,6.26,6.33,21166500.0
2012-09-07,6.39,6.27,6.41,63824900.0
2012-09-06,6.25,6.52,6.54,45887300.0
2012-09-05,5.96,6.04,6.06,29149500.0
2012-09-04,6.06,5.94,6.07,18706900.0
2012-08-31,6.07,6.06,6.15,20650100.0
2012-08-30,6.06,6.03,6.11,18488300.0
2012-08-29,6.07,6.05,6.14,16111300.0
2012-08-28,6.09,6.05,6.15,14263800.0
2012-08-27,6.15,6.08,6.16,13222300.0
2012-08-24,6.08,6.15,6.16,19076600.0
2012-08-23,6.14,6.11,6.15,18181300.0
2012-08-22,6.28,6.17,6.32,26041200.0
2012-08-21,6.31,6.3,6.47,24481500.0
2012-08-20,6.38,6.33,6.44,16021800.0
2012-08-17,6.45,6.41,6.53,14958900.0
2012-08-16,6.39,6.45,6.51,15837900.0
2012-08-15,6.4,6.33,6.43,34554600.0
2012-08-14,6.61,6.39,6.62,27521900.0
2012-08-13,6.6,6.56,6.62,15999100.0
2012-08-10,6.59,6.6,6.69,22000700.0
2012-08-09,6.66,6.65,6.75,20530400.0
2012-08-08,6.59,6.72,6.77,31848700.0
2012-08-07,6.54,6.66,6.81,43058500.0
2012-08-06,6.24,6.41,6.48,26896900.0
2012-08-03,6.17,6.18,6.29,22472200.0
2012-08-02,6.04,6.01,6.15,17632000.0
2012-08-01,6.16,6.12,6.27,23396400.0
2012-07-31,6.07,6.06,6.34,51573800.0
2012-07-30,6.05,5.96,6.09,27533800.0
2012-07-27,5.89,6.13,6.15,23951500.0
2012-07-26,5.78,5.82,5.93,22586300.0
2012-07-25,5.57,5.7,5.79,27639700.0
2012-07-24,5.54,5.59,5.62,32284100.0
2012-07-23,5.57,5.48,5.66,42241400.0
2012-07-20,5.84,5.69,5.98,44481200.0
2012-07-19,5.76,5.64,5.86,23679200.0
2012-07-18,5.56,5.7,5.82,24954300.0
2012-07-17,5.87,5.63,5.93,35517600.0
2012-07-16,5.94,5.86,5.95,27492500.0
2012-07-13,5.98,5.98,6.09,25684400.0
2012-07-12,5.99,5.98,6.03,38542700.0
2012-07-11,6.05,6.06,6.1,33358600.0
2012-07-10,6.28,6.01,6.32,36372300.0
2012-07-09,6.55,6.33,6.66,19842000.0
2012-07-06,6.54,6.56,6.59,22702200.0
2012-07-05,6.68,6.65,6.74,21914500.0
2012-07-03,6.42,6.72,6.76,46397000.0
2012-07-02,6.57,6.39,6.66,51141600.0
2012-06-29,5.95,6.16,6.17,32253900.0
2012-06-28,5.49,5.83,5.84,34680300.0
2012-06-27,5.49,5.58,5.6,13836100.0
2012-06-26,5.47,5.49,5.55,17684200.0
2012-06-25,5.52,5.45,5.59,19795900.0
2012-06-22,5.54,5.6,5.61,33486500.0
2012-06-21,5.78,5.51,5.83,51272200.0
2012-06-20,5.97,5.97,6.05,30272100.0
2012-06-19,5.87,5.95,6.0,22652800.0
2012-06-18,5.67,5.8,5.86,19383900.0
2012-06-15,5.63,5.75,5.76,27553500.0
2012-06-14,5.71,5.62,5.75,32597900.0
2012-06-13,5.77,5.72,5.85,31202500.0
2012-06-12,5.58,5.78,5.8,21282500.0
2012-06-11,5.83,5.57,5.89,21462000.0
2012-06-08,5.51,5.74,5.76,19022300.0
2012-06-07,5.73,5.53,5.75,33187500.0
2012-06-06,5.53,5.61,5.67,35081500.0
2012-06-05,5.28,5.46,5.51,31258900.0
2012-06-04,5.34,5.26,5.43,18704000.0
2012-06-01,5.56,5.32,5.61,30331900.0
2012-05-31,5.85,5.7,5.85,30707900.0
2012-05-30,5.89,5.85,5.9,25220500.0
2012-05-29,5.89,5.97,6.0,20990400.0
2012-05-25,5.62,5.82,5.86,21177100.0
2012-05-24,5.61,5.6,5.69,22189900.0
2012-05-23,5.49,5.61,5.66,25617400.0
2012-05-22,5.67,5.57,5.7,25413200.0
2012-05-21,5.51,5.64,5.67,27203500.0
2012-05-18,5.86,5.49,5.86,33622900.0
2012-05-17,6.01,5.81,6.1,32690400.0
2012-05-16,5.96,6.0,6.37,54051400.0
2012-05-15,6.02,5.87,6.03,44146400.0
2012-05-14,6.06,6.06,6.12,30453100.0
2012-05-11,6.09,6.21,6.26,18440800.0
2012-05-10,6.29,6.14,6.31,25417400.0
2012-05-09,5.98,6.21,6.28,36700200.0
2012-05-08,6.28,6.09,6.28,35849500.0
2012-05-07,6.44,6.34,6.59,36590900.0
2012-05-04,6.49,6.39,6.72,34523000.0
2012-05-03,6.74,6.31,6.8,34534500.0
2012-05-02,6.49,6.66,6.7,28171600.0
2012-05-01,6.41,6.52,6.67,29565100.0
2012-04-30,6.41,6.43,6.52,19132600.0
2012-04-27,6.49,6.41,6.52,23209100.0
2012-04-26,6.34,6.44,6.52,24063100.0
2012-04-25,6.48,6.36,6.53,31170000.0
2012-04-24,6.5,6.35,6.58,28535200.0
2012-04-23,6.39,6.47,6.59,35940900.0
2012-04-20,6.64,6.48,6.68,50173100.0
2012-04-19,6.9,6.84,7.13,31230600.0
2012-04-18,6.99,6.9,7.06,28851500.0
2012-04-17,6.98,7.07,7.15,40078800.0
2012-04-16,6.88,6.95,7.03,56312600.0
2012-04-13,6.9,6.79,6.93,97311100.0
2012-04-12,7.11,6.98,7.37,57618700.0
2012-04-11,7.06,7.0,7.25,22609600.0
2012-04-10,7.14,6.98,7.24,23149500.0
2012-04-09,7.26,7.17,7.29,17380900.0
2012-04-05,7.47,7.41,7.59,19809500.0
2012-04-04,7.56,7.48,7.61,52000600.0
2012-04-03,7.84,7.8,7.9,26508300.0
2012-04-02,7.97,7.91,8.05,27362500.0
2012-03-30,8.33,7.91,8.34,50946900.0
2012-03-29,8.4,8.22,8.55,45879200.0
2012-03-28,8.31,8.43,8.54,35128600.0
2012-03-27,8.13,8.38,8.44,39442300.0
2012-03-26,8.22,8.05,8.24,35598900.0
2012-03-23,8.29,8.2,8.4,47816200.0
2012-03-22,8.52,8.5,8.56,33388600.0
2012-03-21,8.53,8.53,8.77,30788500.0
2012-03-20,8.38,8.37,8.42,18186300.0
2012-03-19,8.55,8.42,8.59,26237300.0
2012-03-16,8.66,8.61,8.68,33081100.0
2012-03-15,8.42,8.62,8.68,34668100.0
2012-03-14,8.47,8.38,8.64,34004800.0
2012-03-13,8.04,8.29,8.3,31182100.0
2012-03-12,8.06,7.89,8.1,19889300.0
2012-03-09,7.96,8.13,8.16,25549500.0
2012-03-08,7.94,7.96,8.04,18794500.0
2012-03-07,7.85,7.9,8.05,32056600.0
2012-03-06,7.78,7.81,7.85,37490200.0
2012-03-05,8.36,8.0,8.38,30167800.0
2012-03-02,8.53,8.44,8.7,24787200.0
2012-03-01,8.38,8.5,8.63,33725100.0
2012-02-29,8.85,8.35,8.88,48164700.0
2012-02-28,8.59,8.67,8.94,71856200.0
2012-02-27,8.15,8.36,8.58,59879300.0
2012-02-24,7.7,7.76,7.88,17292600.0
2012-02-23,7.84,7.63,7.84,31618800.0
2012-02-22,8.01,7.85,8.04,19381700.0
2012-02-21,8.23,8.01,8.26,18768100.0
2012-02-17,8.24,8.23,8.38,18917300.0
2012-02-16,8.18,8.26,8.3,18749000.0
2012-02-15,8.2,8.08,8.35,33448200.0
2012-02-14,7.73,8.14,8.16,41142100.0
2012-02-13,7.83,7.66,7.83,24807300.0
2012-02-10,7.9,7.72,7.92,26191000.0
2012-02-09,8.0,7.96,8.0,27434500.0
2012-02-08,7.75,7.97,8.03,42113700.0
2012-02-07,7.54,7.69,7.73,20245400.0
2012-02-06,7.52,7.54,7.69,32638600.0
2012-02-03,7.69,7.76,7.78,15179500.0
2012-02-02,7.54,7.54,7.62,20660800.0
2012-02-01,7.55,7.52,7.65,26899200.0
2012-01-31,7.42,7.42,7.5,21798900.0
2012-01-30,7.16,7.38,7.41,21759000.0
2012-01-27,7.29,7.25,7.44,29119800.0
2012-01-26,7.58,7.37,7.61,42242300.0
2012-01-25,7.81,7.67,7.85,30951100.0
2012-01-24,7.66,7.76,7.78,29248700.0
2012-01-23,7.6,7.68,7.87,33180100.0
2012-01-20,7.64,7.57,7.79,38677500.0
2012-01-19,7.54,7.69,7.75,43923400.0
2012-01-18,7.08,7.47,7.56,48911100.0
2012-01-17,7.12,6.99,7.2,30684100.0
2012-01-13,7.05,7.06,7.12,29225000.0
2012-01-12,7.05,7.1,7.14,30026700.0
2012-01-11,7.1,7.05,7.12,20210400.0
2012-01-10,7.22,7.08,7.26,26672800.0
2012-01-09,7.06,7.12,7.16,28692200.0
2012-01-06,7.0,7.03,7.14,33006500.0
2012-01-05,6.79,6.99,7.15,53469800.0
2012-01-04,6.54,6.82,6.88,43038500.0
2012-01-03,6.48,6.6,6.79,42035300.0
2011-12-30,6.11,6.14,6.22,15259600.0
2011-12-29,6.03,6.12,6.15,13894400.0
2011-12-28,6.11,6.02,6.18,19365100.0
2011-12-27,6.2,6.1,6.25,13530400.0
2011-12-23,6.33,6.25,6.38,23493200.0
2011-12-22,5.57,6.26,6.39,67720600.0
2011-12-21,5.75,5.41,5.76,26623100.0
2011-12-20,5.45,5.65,5.68,19290700.0
2011-12-19,5.56,5.32,5.6,31607800.0
2011-12-16,5.45,5.54,5.56,23098300.0
2011-12-15,5.4,5.42,5.44,17193800.0
2011-12-14,5.5,5.32,5.59,36992800.0
2011-12-13,5.66,5.47,5.81,20509300.0
2011-12-12,5.58,5.68,5.71,19996300.0
2011-12-09,5.7,5.75,5.85,23982100.0
2011-12-08,5.83,5.68,5.95,32613800.0
2011-12-07,5.48,5.91,5.93,31511900.0
2011-12-06,5.61,5.51,5.63,31710700.0
2011-12-05,5.73,5.59,5.75,26033700.0
2011-12-02,5.85,5.66,5.86,27340600.0
2011-12-01,5.82,5.75,5.84,22135000.0
2011-11-30,5.72,5.85,5.87,19709400.0
2011-11-29,5.49,5.5,5.61,20816100.0
2011-11-28,5.61,5.48,5.72,22267700.0
2011-11-25,5.52,5.37,5.72,18263700.0
2011-11-23,5.88,5.57,5.89,39724000.0
2011-11-22,5.91,5.95,6.21,38105400.0
2011-11-21,5.93,5.94,6.01,41397000.0
2011-11-18,6.21,6.14,6.37,43618300.0
2011-11-17,6.74,6.18,6.83,96098100.0
2011-11-16,5.32,6.58,6.68,72164600.0
2011-11-15,5.18,5.33,5.57,41898700.0
2011-11-14,5.27,5.22,5.3,22943600.0
2011-11-11,5.13,5.3,5.31,19289000.0
2011-11-10,5.37,5.05,5.42,53084800.0
2011-11-09,5.58,5.22,5.58,36730300.0
2011-11-08,5.75,5.77,5.82,23164100.0
2011-11-07,5.67,5.71,5.77,24821000.0
2011-11-04,5.53,5.75,5.81,20811200.0
2011-11-03,5.38,5.7,5.73,32490000.0
2011-11-02,5.27,5.3,5.4,22570800.0
2011-11-01,5.26,5.16,5.33,30226500.0
2011-10-31,5.63,5.45,5.65,23699700.0
2011-10-28,5.54,5.74,5.76,21809600.0
2011-10-27,5.56,5.56,5.62,53855400.0
2011-10-26,5.4,5.34,5.47,50102800.0
2011-10-25,5.47,5.36,5.5,26533800.0
2011-10-24,5.32,5.52,5.54,34548800.0
2011-10-21,5.53,5.33,5.71,39296000.0
2011-10-20,5.39,5.45,5.5,23439600.0
2011-10-19,5.6,5.4,5.71,27546700.0
2011-10-18,5.33,5.63,5.66,31427300.0
2011-10-17,5.49,5.31,5.54,29637900.0
2011-10-14,5.45,5.56,5.56,31319900.0
2011-10-13,4.99,5.39,5.44,37580700.0
2011-10-12,5.15,5.07,5.17,25595000.0
2011-10-11,5.03,5.07,5.16,23823400.0
2011-10-10,5.08,5.03,5.15,26958200.0
2011-10-07,4.82,4.83,4.91,29683000.0
2011-10-06,4.83,4.84,4.88,35914300.0
2011-10-05,4.39,4.83,4.86,53137900.0
2011-10-04,4.1,4.41,4.41,57671800.0
2011-10-03,4.84,4.22,4.91,56806200.0
2011-09-30,5.31,4.92,5.37,63504100.0
2011-09-29,5.98,5.73,6.05,50176800.0
2011-09-28,6.34,5.97,6.34,34898500.0
2011-09-27,6.52,6.3,6.58,32075400.0
2011-09-26,6.52,6.42,6.53,31674900.0
2011-09-23,6.25,6.49,6.61,34163100.0
2011-09-22,6.13,6.28,6.33,46336300.0
2011-09-21,6.71,6.45,6.77,48814200.0
2011-09-20,6.75,6.69,6.92,32775800.0
2011-09-19,6.8,6.71,7.07,57270300.0
2011-09-16,6.92,6.86,6.99,68700200.0
2011-09-15,7.17,6.87,7.24,60702700.0
2011-09-14,6.78,7.03,7.17,68478100.0
2011-09-13,6.71,6.7,6.78,51199200.0
2011-09-12,6.15,6.53,6.55,46726700.0
2011-09-09,6.04,6.2,6.55,54169600.0
2011-09-08,5.88,6.1,6.47,63001600.0
2011-09-07,5.68,5.91,5.92,32666500.0
2011-09-06,5.15,5.53,5.56,24119400.0
2011-09-02,5.46,5.37,5.48,22734400.0
2011-09-01,5.8,5.6,5.91,25641700.0
2011-08-31,5.92,5.77,5.97,33297600.0
2011-08-30,5.87,5.81,5.94,34539300.0
2011-08-29,5.82,6.0,6.01,30866400.0
2011-08-26,5.3,5.52,5.7,48604800.0
2011-08-25,5.19,5.25,5.41,31593800.0
2011-08-24,5.49,5.17,5.52,64872300.0
2011-08-23,5.19,5.52,5.52,33804900.0
2011-08-22,5.28,5.13,5.39,35010000.0
2011-08-19,5.37,5.12,5.52,49901300.0
2011-08-18,5.74,5.5,5.75,45540000.0
2011-08-17,6.2,5.96,6.26,29669900.0
2011-08-16,6.26,6.14,6.31,20070200.0
2011-08-15,6.12,6.32,6.32,23301800.0
2011-08-12,6.26,6.03,6.38,29275400.0
2011-08-11,5.64,6.22,6.34,57387100.0
2011-08-10,5.84,5.58,5.89,57549800.0
2011-08-09,5.82,6.04,6.05,44655700.0
2011-08-08,5.86,5.57,6.04,55283000.0
2011-08-05,6.36,6.16,6.59,55675500.0
2011-08-04,6.65,6.25,6.7,50716700.0
2011-08-03,6.9,6.82,6.95,53044700.0
2011-08-02,7.14,6.87,7.2,35879400.0
2011-08-01,7.39,7.23,7.41,38046900.0
2011-07-29,7.12,7.19,7.35,44891200.0
2011-07-28,7.3,7.24,7.38,31674500.0
2011-07-27,7.61,7.25,7.61,45399600.0
2011-07-26,7.66,7.67,7.8,21586200.0
2011-07-25,7.71,7.7,7.77,25080400.0
2011-07-22,7.53,7.9,8.0,47025800.0
2011-07-21,7.51,7.47,7.56,82188200.0
2011-07-20,7.35,7.42,7.42,29432900.0
2011-07-19,7.11,7.34,7.35,29174400.0
2011-07-18,7.18,7.06,7.37,25876500.0
2011-07-15,7.19,7.23,7.27,23618600.0
2011-07-14,7.34,7.12,7.41,31774800.0
2011-07-13,7.22,7.31,7.57,30414100.0
2011-07-12,7.21,7.13,7.27,28775500.0
2011-07-11,7.37,7.31,7.52,22304000.0
2011-07-08,7.51,7.5,7.6,20454000.0
2011-07-07,7.45,7.63,7.7,23411000.0
2011-07-06,7.54,7.38,7.55,24556000.0
2011-07-05,7.69,7.59,7.8,32206100.0
2011-07-01,7.28,7.64,7.66,30641400.0
2011-06-30,7.35,7.3,7.43,37962400.0
2011-06-29,7.19,7.29,7.41,38048800.0
2011-06-28,7.16,7.17,7.2,28892000.0
2011-06-27,7.08,7.16,7.23,34482700.0
2011-06-24,7.54,7.04,7.58,117825100.0
2011-06-23,7.86,8.23,8.25,56026400.0
2011-06-22,7.96,7.97,8.12,29105100.0
2011-06-21,7.81,7.95,7.98,35254800.0
2011-06-20,7.64,7.72,7.92,32936000.0
2011-06-17,7.8,7.64,7.82,43133500.0
2011-06-16,7.93,7.68,7.94,54514800.0
2011-06-15,8.13,7.88,8.16,44050500.0
2011-06-14,8.2,8.2,8.36,35940800.0
2011-06-13,8.25,8.09,8.38,34694500.0
2011-06-10,8.4,8.24,8.44,46209900.0
2011-06-09,8.33,8.29,8.44,41172000.0
2011-06-08,8.64,8.3,8.66,56114500.0
2011-06-07,8.91,8.74,8.92,42494400.0
2011-06-06,8.95,8.82,9.21,49134700.0
2011-06-03,9.03,8.94,9.16,32043400.0
2011-06-02,9.42,9.19,9.43,45822100.0
2011-06-01,9.79,9.33,9.79,53891800.0
2011-05-31,9.9,9.96,9.99,27196300.0
2011-05-27,9.6,9.78,9.81,25521200.0
2011-05-26,9.36,9.56,9.6,36005200.0
2011-05-25,9.34,9.38,9.41,36418200.0
2011-05-24,9.6,9.39,9.61,23186000.0
2011-05-23,9.58,9.48,9.6,27594900.0
2011-05-20,9.86,9.76,9.93,21763200.0
2011-05-19,9.88,9.93,9.97,34770900.0
2011-05-18,9.79,9.82,9.86,37498700.0
2011-05-17,10.17,9.7,10.24,74861800.0
2011-05-16,10.13,10.3,10.61,38662500.0
2011-05-13,10.41,10.15,10.42,30547500.0
2011-05-12,10.14,10.41,10.47,30700000.0
2011-05-11,10.44,10.16,10.67,40700000.0
2011-05-10,10.25,10.38,10.46,24391600.0
2011-05-09,10.56,10.21,10.6,49677000.0
2011-05-06,10.84,10.61,10.87,22662600.0
2011-05-05,10.42,10.65,10.81,35304000.0
2011-05-04,10.61,10.48,10.72,29570000.0
2011-05-03,10.93,10.64,10.96,37000000.0
2011-05-02,11.1,10.97,11.14,21585500.0
2011-04-29,11.18,11.05,11.18,36678800.0
2011-04-28,11.42,11.21,11.49,37391800.0
2011-04-27,11.32,11.52,11.55,29748500.0
2011-04-26,11.09,11.33,11.37,27400000.0
2011-04-25,11.19,11.06,11.22,20447100.0
2011-04-21,11.2,11.25,11.44,43506100.0
2011-04-20,10.64,11.12,11.14,52613700.0
